{"number": 1000, "n_points": 1000, "n_faces": 9234, "n_tetras": 4374, "n_edges": 5859, "distribution": "uniform", "union_method": "are1", "n_polyhedrons": 1460, "n_barrier_faces": 53, "polyhedra_with_barriers": 53, "n_tetra_left": 14, "n_tetra_left_rate": 0.9589041095890412, "polyhedra_with_barriers_rate": 3.6301369863013697, "convex_rate": 100.0, "polyhedra_with_kernel": 100.0, "avg_edge_ratio": 0.3333333333333331, "min_edge_ratio": 0.3333333333333328, "max_edge_ratio": 0.33333333333333337, "avg_original_edge_ratio": 0.3333333333333331, "min_original_edge_ratio": 0.3333333333333328, "max_original_edge_ratio": 0.33333333333333337, "avg_tetra_per_polyhedron": 2.995890410958904, "min_tetra_per_polyhedron": 1, "max_tetra_per_polyhedron": 5, "polyhedra_final_rate": 33.37905807041609, "avg_face_per_polyhedron": 7.991780821917808, "min_face_per_polyhedron": 4, "max_face_per_polyhedron": 12, "avg_polyhedron_volume_ratio": 1, "min_polyhedron_volume_ratio": 1, "max_polyhedron_volume_ratio": 1, "avg_polyhedron_area_ratio": 1.0019659641885383, "min_polyhedron_area_ratio": 0.9999999999999997, "max_polyhedron_area_ratio": 1.0690355937288494, "dt": 0.35254549980163574, "filename": "Files/polylla_uniform1000are1", "clean_name": "1000uniformare1"}