{"number": 1000, "n_points": 1000, "n_faces": 9234, "n_tetras": 4374, "n_edges": 5859, "distribution": "uniform", "union_method": "r", "n_polyhedrons": 1299, "n_barrier_faces": 1088, "polyhedra_with_barriers": 258, "n_tetra_left": 298, "n_tetra_left_rate": 22.940723633564282, "polyhedra_with_barriers_rate": 19.861431870669747, "convex_rate": 72.20939183987683, "polyhedra_with_kernel": 90.91608929946112, "avg_edge_ratio": 0.333333333333333, "min_edge_ratio": 0.33333333333333265, "max_edge_ratio": 0.33333333333333337, "avg_original_edge_ratio": 0.3333333333333331, "min_original_edge_ratio": 0.3333333333333328, "max_original_edge_ratio": 0.33333333333333337, "avg_tetra_per_polyhedron": 3.3502694380292533, "min_tetra_per_polyhedron": 1, "max_tetra_per_polyhedron": 15, "polyhedra_final_rate": 29.698216735253773, "avg_face_per_polyhedron": 8.700538876058507, "min_face_per_polyhedron": 4, "max_face_per_polyhedron": 32, "avg_polyhedron_volume_ratio": 0.9028944640483427, "min_polyhedron_volume_ratio": 1.01249352e-11, "max_polyhedron_volume_ratio": 1.0000101240000001, "avg_polyhedron_area_ratio": 0.9846141094488879, "min_polyhedron_area_ratio": 0.8057117168201023, "max_polyhedron_area_ratio": 1.1395248832270917, "dt": 0.20824217796325684, "filename": "Files/polylla_uniform1000r", "clean_name": "1000uniformr"}