{"number": 10000, "n_points": 10134, "n_faces": 111654, "n_tetras": 54515, "n_edges": 67272, "distribution": "semiuniform", "union_method": "are2", "n_polyhedrons": 18345, "n_barrier_faces": 3598, "polyhedra_with_barriers": 3085, "n_tetra_left": 2546, "n_tetra_left_rate": 13.878440992095939, "polyhedra_with_barriers_rate": 16.816571272826383, "convex_rate": 94.14554374488961, "polyhedra_with_kernel": 98.75170346143364, "avg_edge_ratio": 0.41098458257652487, "min_edge_ratio": 0.11160310920437966, "max_edge_ratio": 0.8987564960620739, "avg_original_edge_ratio": 0.4735749262840411, "min_original_edge_ratio": 0.11160310920437966, "max_original_edge_ratio": 0.944974662955922, "avg_tetra_per_polyhedron": 2.9716544017443445, "min_tetra_per_polyhedron": 1, "max_tetra_per_polyhedron": 13, "polyhedra_final_rate": 33.651288636155186, "avg_face_per_polyhedron": 7.943308803488689, "min_face_per_polyhedron": 4, "max_face_per_polyhedron": 28, "avg_polyhedron_volume_ratio": 0.9604102592147996, "min_polyhedron_volume_ratio": 5.099294794605351e-09, "max_polyhedron_volume_ratio": 1, "avg_polyhedron_area_ratio": 0.9930143068952171, "min_polyhedron_area_ratio": 0.8128080641527545, "max_polyhedron_area_ratio": 1.2484934145095117, "dt": 5.799659013748169, "filename": "Files/polylla_semiuniform10000are2", "clean_name": "10134semiuniformare2"}