{"number": 10000, "n_points": 10134, "n_faces": 111654, "n_tetras": 54515, "n_edges": 67272, "distribution": "semiuniform", "union_method": "are1", "n_polyhedrons": 16423, "n_barrier_faces": 3181, "polyhedra_with_barriers": 2240, "n_tetra_left": 2463, "n_tetra_left_rate": 14.99725994032759, "polyhedra_with_barriers_rate": 13.63940814711076, "convex_rate": 84.92967180174146, "polyhedra_with_kernel": 95.52456920172928, "avg_edge_ratio": 0.39177567028395205, "min_edge_ratio": 0.09080891680387974, "max_edge_ratio": 0.9278907866022315, "avg_original_edge_ratio": 0.4735749262840411, "min_original_edge_ratio": 0.11160310920437966, "max_original_edge_ratio": 0.944974662955922, "avg_tetra_per_polyhedron": 3.3146197406076845, "min_tetra_per_polyhedron": 1, "max_tetra_per_polyhedron": 19, "polyhedra_final_rate": 30.125653489865172, "avg_face_per_polyhedron": 8.629239481215368, "min_face_per_polyhedron": 4, "max_face_per_polyhedron": 40, "avg_polyhedron_volume_ratio": 0.9004312955878575, "min_polyhedron_volume_ratio": 5.63584817587047e-09, "max_polyhedron_volume_ratio": 1, "avg_polyhedron_area_ratio": 0.9702924648647782, "min_polyhedron_area_ratio": 0.7530910665949174, "max_polyhedron_area_ratio": 1.219738477087336, "dt": 5.721428394317627, "filename": "Files/polylla_semiuniform10000are1", "clean_name": "10134semiuniformare1"}