{"number": 10000, "n_points": 10134, "n_faces": 111654, "n_tetras": 54515, "n_edges": 67272, "distribution": "semiuniform", "union_method": "are1", "n_polyhedrons": 18211, "n_barrier_faces": 7399, "polyhedra_with_barriers": 4659, "n_tetra_left": 4099, "n_tetra_left_rate": 22.50837405963429, "polyhedra_with_barriers_rate": 25.583438581077374, "convex_rate": 97.33677447696448, "polyhedra_with_kernel": 99.291636922739, "avg_edge_ratio": 0.37076900835286164, "min_edge_ratio": 0.10340858504722493, "max_edge_ratio": 0.8477640032337352, "median_edge_ratio": 0.3662545341647493, "variance_edge_ratio": 0.007587340734736125, "avg_original_edge_ratio": 0.4735749262840411, "min_original_edge_ratio": 0.11160310920437966, "max_original_edge_ratio": 0.944974662955922, "avg_tetra_per_polyhedron": 2.9933007522925705, "min_tetra_per_polyhedron": 1, "max_tetra_per_polyhedron": 14, "median_tetra_per_polyhedron": 3, "variance_tetra_per_polyhedron": 3.4273027288182147, "polyhedra_final_rate": 33.405484728973676, "avg_face_per_polyhedron": 7.986601504585141, "min_face_per_polyhedron": 4, "max_face_per_polyhedron": 30, "median_face_per_polyhedron": 8, "variance_face_per_polyhedron": 13.709210915272859, "avg_polyhedron_volume_ratio": 0.9829657626939696, "min_polyhedron_volume_ratio": 4.7873308336715753e-08, "max_polyhedron_volume_ratio": 1, "median_polyhedron_volume_ration": 1.0, "variance_polyhedron_volume_ration": 0.015116300384354542, "avg_polyhedron_area_ratio": 0.9985699722481018, "min_polyhedron_area_ratio": 0.8883747193604272, "max_polyhedron_area_ratio": 1.1632131353172768, "median_polyhedron_area_ratio": 1.0, "variance_polyhedron_area_ratio": 0.0001610207063095779, "dt": 8.67007827758789, "filename": "Files/polylla_semiuniform10000are1", "clean_name": "10134semiuniformare1"}