{"number": 10000, "n_points": 10134, "n_faces": 111654, "n_tetras": 54515, "n_edges": 67272, "distribution": "semiuniform", "union_method": "tra", "n_polyhedrons": 16365, "n_barrier_faces": 3175, "polyhedra_with_barriers": 2221, "n_tetra_left": 2359, "n_tetra_left_rate": 14.414909868622058, "polyhedra_with_barriers_rate": 13.571646807210511, "convex_rate": 85.27956003666361, "polyhedra_with_kernel": 95.91811793461656, "avg_edge_ratio": 0.3956175845791161, "min_edge_ratio": 0.09080891680387974, "max_edge_ratio": 0.9278907866022315, "avg_original_edge_ratio": 0.4735749262840411, "min_original_edge_ratio": 0.11160310920437966, "max_original_edge_ratio": 0.944974662955922, "avg_tetra_per_polyhedron": 3.326183929117018, "min_tetra_per_polyhedron": 1, "max_tetra_per_polyhedron": 18, "polyhedra_final_rate": 30.01926075392094, "avg_face_per_polyhedron": 8.652367858234037, "min_face_per_polyhedron": 4, "max_face_per_polyhedron": 38, "avg_polyhedron_volume_ratio": 0.8999865833793514, "min_polyhedron_volume_ratio": 8.790771567747123e-12, "max_polyhedron_volume_ratio": 1, "avg_polyhedron_area_ratio": 0.9707475297757603, "min_polyhedron_area_ratio": 0.7293583352393185, "max_polyhedron_area_ratio": 1.2925315208004036, "dt": 8.960204601287842, "filename": "Files/polylla_semiuniform10000tra", "clean_name": "10134semiuniformtra"}