{"number": 10000, "n_points": 10134, "n_faces": 111654, "n_tetras": 54515, "n_edges": 67272, "distribution": "semiuniform", "union_method": "are1", "n_polyhedrons": 16359, "n_barrier_faces": 3179, "polyhedra_with_barriers": 2220, "n_tetra_left": 2358, "n_tetra_left_rate": 14.414083990463967, "polyhedra_with_barriers_rate": 13.570511644966073, "convex_rate": 85.27416101228683, "polyhedra_with_kernel": 95.94107219267681, "avg_edge_ratio": 0.3955311308216268, "min_edge_ratio": 0.09080891680387974, "max_edge_ratio": 0.9278907866022315, "avg_original_edge_ratio": 0.4735749262840411, "min_original_edge_ratio": 0.11160310920437966, "max_original_edge_ratio": 0.944974662955922, "avg_tetra_per_polyhedron": 3.327403875542515, "min_tetra_per_polyhedron": 1, "max_tetra_per_polyhedron": 18, "polyhedra_final_rate": 30.008254608823258, "avg_face_per_polyhedron": 8.65480775108503, "min_face_per_polyhedron": 4, "max_face_per_polyhedron": 38, "avg_polyhedron_volume_ratio": 0.8997494039050096, "min_polyhedron_volume_ratio": 8.790771567747123e-12, "max_polyhedron_volume_ratio": 1, "avg_polyhedron_area_ratio": 0.9707058576801949, "min_polyhedron_area_ratio": 0.7293583352393185, "max_polyhedron_area_ratio": 1.2925315208004036, "dt": 5.941619157791138, "filename": "Files/polylla_semiuniform10000are1", "clean_name": "10134semiuniformare1"}