{"number": 10000, "distribution": "semiuniform", "union_method": "are2", "dt": 5.278107166290283, "n_points": 10134, "n_faces": 111654, "n_tetras": 54515, "n_edges": 67272, "n_polyhedrons": 17260, "n_barrier_faces": 4155, "polyhedra_with_barriers": 3152, "n_tetra_left": 2844, "convex_rate": 94.0034762456547, "polyhedra_with_kernel": 98.48783314020856, "avg_edge_ratio": 0.35663896752081126, "min_edge_ratio": 0.10340858504722493, "max_edge_ratio": 0.8115427848597535, "avg_tetra_per_polyhedron": 3.158342989571263, "min_tetra_per_polyhedron": 1, "max_tetra_per_polyhedron": 18, "avg_face_per_polyhedron": 8.316685979142527, "min_face_per_polyhedron": 4, "max_face_per_polyhedron": 38, "avg_polyhedron_volume_ratio": 0.9620787509272836, "min_polyhedron_volume_ratio": 3.50534856446141e-09, "max_polyhedron_volume_ratio": 1.0000055676047264, "avg_polyhedron_area_ratio": 0.9937442728268763, "min_polyhedron_area_ratio": 0.8414104360394898, "max_polyhedron_area_ratio": 1.2024718410252153, "filename": "Files/polylla_semiuniform10000are2", "clean_name": "10134semiuniformare2"}