{"number": 10000, "n_points": 10134, "n_faces": 111654, "n_tetras": 54515, "n_edges": 67272, "distribution": "semiuniform", "union_method": "are2", "n_polyhedrons": 16361, "n_barrier_faces": 3178, "polyhedra_with_barriers": 2219, "n_tetra_left": 2360, "n_tetra_left_rate": 14.424546176884053, "polyhedra_with_barriers_rate": 13.56274066377361, "convex_rate": 85.27596112707047, "polyhedra_with_kernel": 95.94768045962961, "avg_edge_ratio": 0.39553803261055026, "min_edge_ratio": 0.09080891680387974, "max_edge_ratio": 0.9278907866022315, "avg_original_edge_ratio": 0.4735749262840411, "min_original_edge_ratio": 0.11160310920437966, "max_original_edge_ratio": 0.944974662955922, "avg_tetra_per_polyhedron": 3.3269971273149563, "min_tetra_per_polyhedron": 1, "max_tetra_per_polyhedron": 18, "polyhedra_final_rate": 30.01192332385582, "avg_face_per_polyhedron": 8.653994254629913, "min_face_per_polyhedron": 4, "max_face_per_polyhedron": 38, "avg_polyhedron_volume_ratio": 0.899712234374161, "min_polyhedron_volume_ratio": 8.790771567747123e-12, "max_polyhedron_volume_ratio": 1, "avg_polyhedron_area_ratio": 0.970704646116339, "min_polyhedron_area_ratio": 0.7293583352393185, "max_polyhedron_area_ratio": 1.2925315208004036, "dt": 6.071172475814819, "filename": "Files/polylla_semiuniform10000are2", "clean_name": "10134semiuniformare2"}