{"number": 10000, "distribution": "semiuniform", "union_method": "tra", "dt": 7.4727678298950195, "n_points": 10134, "n_faces": 111654, "n_tetras": 54515, "n_edges": 67272, "n_polyhedrons": 18007, "n_barrier_faces": 2679, "polyhedra_with_barriers": 2270, "n_tetra_left": 2749, "convex_rate": 92.57510967956905, "polyhedra_with_kernel": 98.45615593935692, "avg_edge_ratio": 0.35479710784747975, "min_edge_ratio": 0.10163856211065193, "max_edge_ratio": 0.7271372560835135, "avg_tetra_per_polyhedron": 3.0273782417948576, "min_tetra_per_polyhedron": 1, "max_tetra_per_polyhedron": 15, "avg_face_per_polyhedron": 8.054756483589715, "min_face_per_polyhedron": 4, "max_face_per_polyhedron": 32, "avg_polyhedron_volume_ratio": 0.9509015244873937, "min_polyhedron_volume_ratio": 3.1723797382293825e-09, "max_polyhedron_volume_ratio": 1.000021320783202, "avg_polyhedron_area_ratio": 0.9872374084068521, "min_polyhedron_area_ratio": 0.8141349314486047, "max_polyhedron_area_ratio": 1.2130205090381312, "filename": "Files/polylla_semiuniform10000tra", "clean_name": "10134semiuniformtra"}