{"number": 10000, "n_points": 10134, "n_faces": 111654, "n_tetras": 54515, "n_edges": 67272, "distribution": "semiuniform", "union_method": "a", "n_polyhedrons": 18088, "n_barrier_faces": 7147, "polyhedra_with_barriers": 4556, "n_tetra_left": 3971, "n_tetra_left_rate": 21.95378151260504, "polyhedra_with_barriers_rate": 25.18796992481203, "convex_rate": 97.18045112781954, "polyhedra_with_kernel": 99.3421052631579, "avg_edge_ratio": 0.37010237389697387, "min_edge_ratio": 0.10340858504722493, "max_edge_ratio": 0.8477640032337352, "avg_original_edge_ratio": 0.4735749262840411, "min_original_edge_ratio": 0.11160310920437966, "max_original_edge_ratio": 0.944974662955922, "avg_tetra_per_polyhedron": 3.013544891640867, "min_tetra_per_polyhedron": 1, "max_tetra_per_polyhedron": 14, "polyhedra_final_rate": 33.17985875447125, "avg_face_per_polyhedron": 8.027089783281733, "min_face_per_polyhedron": 4, "max_face_per_polyhedron": 30, "avg_polyhedron_volume_ratio": 0.9811698031185095, "min_polyhedron_volume_ratio": 4.7873308336715753e-08, "max_polyhedron_volume_ratio": 1, "avg_polyhedron_area_ratio": 0.9983884109390441, "min_polyhedron_area_ratio": 0.8883747193604272, "max_polyhedron_area_ratio": 1.1505160936904912, "dt": 5.752882957458496, "filename": "Files/polylla_semiuniform10000a", "clean_name": "10134semiuniforma"}