{"number": 10000, "n_points": 10134, "n_faces": 111654, "n_tetras": 54515, "n_edges": 67272, "distribution": "semiuniform", "union_method": "r", "n_polyhedrons": 17216, "n_barrier_faces": 4671, "polyhedra_with_barriers": 3426, "n_tetra_left": 2957, "n_tetra_left_rate": 17.175882899628252, "polyhedra_with_barriers_rate": 19.900092936802974, "convex_rate": 94.6096654275093, "polyhedra_with_kernel": 98.69888475836431, "avg_edge_ratio": 0.3588515428811739, "min_edge_ratio": 0.10340858504722493, "max_edge_ratio": 0.8115427848597535, "avg_original_edge_ratio": 0.4735749262840411, "min_original_edge_ratio": 0.11160310920437966, "max_original_edge_ratio": 0.944974662955922, "avg_tetra_per_polyhedron": 3.166182620817844, "min_tetra_per_polyhedron": 1, "max_tetra_per_polyhedron": 17, "polyhedra_final_rate": 31.580299000275154, "avg_face_per_polyhedron": 8.332365241635689, "min_face_per_polyhedron": 4, "max_face_per_polyhedron": 36, "avg_polyhedron_volume_ratio": 0.9656234852193557, "min_polyhedron_volume_ratio": 3.50534856446141e-09, "max_polyhedron_volume_ratio": 1.0000055676047264, "avg_polyhedron_area_ratio": 0.9950876455676705, "min_polyhedron_area_ratio": 0.8414085832290678, "max_polyhedron_area_ratio": 1.1872704771473905, "dt": 3.650470495223999, "filename": "Files/polylla_semiuniform10000r", "clean_name": "10134semiuniformr"}