{"number": 10000, "n_points": 10134, "n_faces": 111654, "n_tetras": 54515, "n_edges": 67272, "distribution": "semiuniform", "union_method": "are2", "n_polyhedrons": 17260, "n_barrier_faces": 4155, "polyhedra_with_barriers": 3152, "n_tetra_left": 2844, "n_tetra_left_rate": 16.477404403244496, "polyhedra_with_barriers_rate": 18.261877172653534, "convex_rate": 94.0034762456547, "polyhedra_with_kernel": 98.48783314020856, "avg_edge_ratio": 0.35663896752081126, "min_edge_ratio": 0.10340858504722493, "max_edge_ratio": 0.8115427848597535, "median_edge_ratio": 0.35221661148453975, "variance_edge_ratio": 0.006808273391220633, "avg_original_edge_ratio": 0.4735749262840411, "min_original_edge_ratio": 0.11160310920437966, "max_original_edge_ratio": 0.944974662955922, "avg_tetra_per_polyhedron": 3.158342989571263, "min_tetra_per_polyhedron": 1, "max_tetra_per_polyhedron": 18, "median_tetra_per_polyhedron": 3.0, "variance_tetra_per_polyhedron": 3.635682751578987, "polyhedra_final_rate": 31.661010730991467, "avg_face_per_polyhedron": 8.316685979142527, "min_face_per_polyhedron": 4, "max_face_per_polyhedron": 38, "median_face_per_polyhedron": 8.0, "variance_face_per_polyhedron": 14.542731006315949, "avg_polyhedron_volume_ratio": 0.9620787509272836, "min_polyhedron_volume_ratio": 3.50534856446141e-09, "max_polyhedron_volume_ratio": 1.0000055676047264, "median_polyhedron_volume_ration": 1, "variance_polyhedron_volume_ration": 0.0320488821304864, "avg_polyhedron_area_ratio": 0.9937442728268763, "min_polyhedron_area_ratio": 0.8414104360394898, "max_polyhedron_area_ratio": 1.2024718410252153, "median_polyhedron_area_ratio": 0.9999999999999998, "variance_polyhedron_area_ratio": 0.0004260014788163361, "dt": 8.21153473854065, "filename": "Files/polylla_semiuniform10000are2", "clean_name": "10134semiuniformare2"}