{"number": 1000, "distribution": "poisson", "union_method": "are1", "dt": 0.3971238136291504, "n_points": 1033, "n_faces": 10068, "n_tetras": 4761, "n_edges": 6339, "n_polyhedrons": 1537, "n_barrier_faces": 752, "polyhedra_with_barriers": 390, "n_tetra_left": 320, "convex_rate": 94.53480806766427, "polyhedra_with_kernel": 99.21925829538061, "avg_edge_ratio": 0.24017678352526695, "min_edge_ratio": 0.00015669855822815336, "max_edge_ratio": 0.6143980881256411, "avg_tetra_per_polyhedron": 3.096942094990241, "min_tetra_per_polyhedron": 1, "max_tetra_per_polyhedron": 21, "avg_face_per_polyhedron": 8.193884189980482, "min_face_per_polyhedron": 4, "max_face_per_polyhedron": 44, "avg_polyhedron_volume_ratio": 0.9692981440877781, "min_polyhedron_volume_ratio": 8.120231818648718e-05, "max_polyhedron_volume_ratio": 1.0000053258534138, "avg_polyhedron_area_ratio": 1.003341345267895, "min_polyhedron_area_ratio": 0.918736056198101, "max_polyhedron_area_ratio": 1.3205411677808885, "filename": "Files/polylla_poisson1000are1", "clean_name": "1033poissonare1"}