{"number": 1000, "distribution": "poisson", "union_method": "are2", "dt": 0.3363211154937744, "n_points": 1033, "n_faces": 10068, "n_tetras": 4761, "n_edges": 6339, "n_polyhedrons": 1504, "n_barrier_faces": 324, "polyhedra_with_barriers": 251, "n_tetra_left": 236, "convex_rate": 91.48936170212765, "polyhedra_with_kernel": 98.3377659574468, "avg_edge_ratio": 0.22658040185186426, "min_edge_ratio": 0.00015774450481362398, "max_edge_ratio": 0.6143980881256411, "avg_tetra_per_polyhedron": 3.1655585106382977, "min_tetra_per_polyhedron": 1, "max_tetra_per_polyhedron": 14, "avg_face_per_polyhedron": 8.331117021276595, "min_face_per_polyhedron": 4, "max_face_per_polyhedron": 30, "avg_polyhedron_volume_ratio": 0.9535524392587441, "min_polyhedron_volume_ratio": 3.577362369172253e-05, "max_polyhedron_volume_ratio": 1.0000058145486537, "avg_polyhedron_area_ratio": 0.9976628161319636, "min_polyhedron_area_ratio": 0.8194786432255251, "max_polyhedron_area_ratio": 1.1992770110372164, "filename": "Files/polylla_poisson1000are2", "clean_name": "1033poissonare2"}