{"number": 1000, "distribution": "poisson", "union_method": "tra", "dt": 0.554131269454956, "n_points": 1033, "n_faces": 10068, "n_tetras": 4761, "n_edges": 6339, "n_polyhedrons": 1669, "n_barrier_faces": 201, "polyhedra_with_barriers": 180, "n_tetra_left": 298, "convex_rate": 92.39065308568006, "polyhedra_with_kernel": 98.38226482923906, "avg_edge_ratio": 0.22209430562793703, "min_edge_ratio": 0.00015774450481362398, "max_edge_ratio": 0.5804216144799227, "avg_tetra_per_polyhedron": 2.8526063511084483, "min_tetra_per_polyhedron": 1, "max_tetra_per_polyhedron": 14, "avg_face_per_polyhedron": 7.705212702216897, "min_face_per_polyhedron": 4, "max_face_per_polyhedron": 30, "avg_polyhedron_volume_ratio": 0.9604876846000965, "min_polyhedron_volume_ratio": 6.302954885920592e-05, "max_polyhedron_volume_ratio": 1.0000061710793864, "avg_polyhedron_area_ratio": 0.9900025439662821, "min_polyhedron_area_ratio": 0.7089697004248289, "max_polyhedron_area_ratio": 1.1472208438782432, "filename": "Files/polylla_poisson1000tra", "clean_name": "1033poissontra"}