{"number": 1000, "n_points": 1033, "n_faces": 10068, "n_tetras": 4761, "n_edges": 6339, "distribution": "poisson", "union_method": "r", "n_polyhedrons": 1478, "n_barrier_faces": 367, "polyhedra_with_barriers": 268, "n_tetra_left": 241, "n_tetra_left_rate": 16.305818673883625, "polyhedra_with_barriers_rate": 18.132611637347768, "convex_rate": 90.79837618403248, "polyhedra_with_kernel": 97.83491204330176, "avg_edge_ratio": 0.2271307414754175, "min_edge_ratio": 0.00015774450481362398, "max_edge_ratio": 0.6143980881256411, "avg_original_edge_ratio": 0.3202270569516786, "min_original_edge_ratio": 0.00020666680658359924, "max_original_edge_ratio": 0.827246102754674, "avg_tetra_per_polyhedron": 3.2212449255751014, "min_tetra_per_polyhedron": 1, "max_tetra_per_polyhedron": 14, "polyhedra_final_rate": 31.043898340684727, "avg_face_per_polyhedron": 8.442489851150203, "min_face_per_polyhedron": 4, "max_face_per_polyhedron": 30, "avg_polyhedron_volume_ratio": 0.9525688704940934, "min_polyhedron_volume_ratio": 0.00036173993522780137, "max_polyhedron_volume_ratio": 1.0000058145486537, "avg_polyhedron_area_ratio": 0.9988801090353475, "min_polyhedron_area_ratio": 0.8345876804900483, "max_polyhedron_area_ratio": 1.176601566928227, "dt": 0.1667037010192871, "filename": "Files/polylla_poisson1000r", "clean_name": "1033poissonr"}