{"number": 1000, "distribution": "poisson", "union_method": "a", "dt": 0.3575937747955322, "n_points": 1033, "n_faces": 10068, "n_tetras": 4761, "n_edges": 6339, "n_polyhedrons": 1528, "n_barrier_faces": 721, "polyhedra_with_barriers": 381, "n_tetra_left": 321, "convex_rate": 94.17539267015707, "polyhedra_with_kernel": 99.08376963350786, "avg_edge_ratio": 0.23991818165833595, "min_edge_ratio": 0.00015669855822815336, "max_edge_ratio": 0.6143980881256411, "avg_tetra_per_polyhedron": 3.1158376963350785, "min_tetra_per_polyhedron": 1, "max_tetra_per_polyhedron": 21, "avg_face_per_polyhedron": 8.231675392670157, "min_face_per_polyhedron": 4, "max_face_per_polyhedron": 44, "avg_polyhedron_volume_ratio": 0.9662864034126103, "min_polyhedron_volume_ratio": 8.120231818648718e-05, "max_polyhedron_volume_ratio": 1.0000053258534138, "avg_polyhedron_area_ratio": 1.0031199779237223, "min_polyhedron_area_ratio": 0.918736056198101, "max_polyhedron_area_ratio": 1.1979186822438184, "filename": "Files/polylla_poisson1000a", "clean_name": "1033poissona"}