{"number": 10000, "distribution": "poisson", "union_method": "a", "dt": 5.6428422927856445, "n_points": 10585, "n_faces": 119664, "n_tetras": 58241, "n_edges": 72007, "n_polyhedrons": 19369, "n_barrier_faces": 9302, "polyhedra_with_barriers": 5030, "n_tetra_left": 4637, "convex_rate": 96.2104393618669, "polyhedra_with_kernel": 99.17393773555682, "avg_edge_ratio": 0.27446042104773677, "min_edge_ratio": 3.227570579795857e-05, "max_edge_ratio": 0.7116783218323973, "avg_tetra_per_polyhedron": 3.00449171356291, "min_tetra_per_polyhedron": 1, "max_tetra_per_polyhedron": 18, "avg_face_per_polyhedron": 8.00898342712582, "min_face_per_polyhedron": 4, "max_face_per_polyhedron": 38, "avg_polyhedron_volume_ratio": 0.9797498723279136, "min_polyhedron_volume_ratio": 6.7449189826259456e-09, "max_polyhedron_volume_ratio": 1.0000284093480794, "avg_polyhedron_area_ratio": 1.002433337358547, "min_polyhedron_area_ratio": 0.9111532975466696, "max_polyhedron_area_ratio": 1.225940601782089, "filename": "Files/polylla_poisson10000a", "clean_name": "10585poissona"}