{"number": 10000, "distribution": "poisson", "union_method": "tra", "dt": 7.922339200973511, "n_points": 10585, "n_faces": 119664, "n_tetras": 58241, "n_edges": 72007, "n_polyhedrons": 19638, "n_barrier_faces": 2824, "polyhedra_with_barriers": 2445, "n_tetra_left": 3069, "convex_rate": 91.63356757307261, "polyhedra_with_kernel": 98.31449231082595, "avg_edge_ratio": 0.2528874504937185, "min_edge_ratio": 2.9349882279250238e-05, "max_edge_ratio": 0.6375502209571283, "avg_tetra_per_polyhedron": 2.9657297077095426, "min_tetra_per_polyhedron": 1, "max_tetra_per_polyhedron": 15, "avg_face_per_polyhedron": 7.931459415419085, "min_face_per_polyhedron": 4, "max_face_per_polyhedron": 32, "avg_polyhedron_volume_ratio": 0.9490608957182196, "min_polyhedron_volume_ratio": 2.3648737461351716e-07, "max_polyhedron_volume_ratio": 1.0000209169522123, "avg_polyhedron_area_ratio": 0.9871678936326472, "min_polyhedron_area_ratio": 0.6501434811546429, "max_polyhedron_area_ratio": 1.2726136420138383, "filename": "Files/polylla_poisson10000tra", "clean_name": "10585poissontra"}