{"number": 10000, "distribution": "poisson", "union_method": "are1", "dt": 6.077550172805786, "n_points": 10585, "n_faces": 119664, "n_tetras": 58241, "n_edges": 72007, "n_polyhedrons": 19505, "n_barrier_faces": 9728, "polyhedra_with_barriers": 5104, "n_tetra_left": 4785, "convex_rate": 96.31376570110228, "polyhedra_with_kernel": 99.14893617021276, "avg_edge_ratio": 0.2749759067245093, "min_edge_ratio": 3.227570579795857e-05, "max_edge_ratio": 0.6874490653387484, "avg_tetra_per_polyhedron": 2.9836452191745706, "min_tetra_per_polyhedron": 1, "max_tetra_per_polyhedron": 24, "avg_face_per_polyhedron": 7.967290438349141, "min_face_per_polyhedron": 4, "max_face_per_polyhedron": 50, "avg_polyhedron_volume_ratio": 0.9806767134743958, "min_polyhedron_volume_ratio": 6.7449189826259456e-09, "max_polyhedron_volume_ratio": 1.0000284093480794, "avg_polyhedron_area_ratio": 1.002578613791794, "min_polyhedron_area_ratio": 0.92126687313361, "max_polyhedron_area_ratio": 1.2421968543519168, "filename": "Files/polylla_poisson10000are1", "clean_name": "10585poissonare1"}