{"number": 10000, "n_points": 10585, "n_faces": 119664, "n_tetras": 58241, "n_edges": 72007, "distribution": "poisson", "union_method": "are2", "n_polyhedrons": 18067, "n_barrier_faces": 4255, "polyhedra_with_barriers": 3251, "n_tetra_left": 2822, "n_tetra_left_rate": 15.619638014058781, "polyhedra_with_barriers_rate": 17.994132949576578, "convex_rate": 91.71970996845077, "polyhedra_with_kernel": 98.1623955277578, "avg_edge_ratio": 0.25863345885292494, "min_edge_ratio": 2.74196129490158e-05, "max_edge_ratio": 0.8947795086407915, "avg_original_edge_ratio": 0.34565152185021275, "min_original_edge_ratio": 3.721342011369064e-05, "max_original_edge_ratio": 0.8947795086407915, "avg_tetra_per_polyhedron": 3.2230032656224057, "min_tetra_per_polyhedron": 1, "max_tetra_per_polyhedron": 19, "polyhedra_final_rate": 31.021101972837005, "avg_face_per_polyhedron": 8.44600653124481, "min_face_per_polyhedron": 4, "max_face_per_polyhedron": 40, "avg_polyhedron_volume_ratio": 0.9523625047896087, "min_polyhedron_volume_ratio": 2.043783626759828e-07, "max_polyhedron_volume_ratio": 1.0000115901768751, "avg_polyhedron_area_ratio": 0.9960623896905878, "min_polyhedron_area_ratio": 0.7372946676847899, "max_polyhedron_area_ratio": 1.293154278696568, "dt": 6.236021280288696, "filename": "Files/polylla_poisson10000are2", "clean_name": "10585poissonare2"}