{"number": 10000, "n_points": 10585, "n_faces": 119664, "n_tetras": 58241, "n_edges": 72007, "distribution": "poisson", "union_method": "r", "n_polyhedrons": 17931, "n_barrier_faces": 4768, "polyhedra_with_barriers": 3493, "n_tetra_left": 2930, "n_tetra_left_rate": 16.340416039261612, "polyhedra_with_barriers_rate": 19.480229769672633, "convex_rate": 92.01940772963026, "polyhedra_with_kernel": 98.19865038201996, "avg_edge_ratio": 0.2609482842702115, "min_edge_ratio": 2.74196129490158e-05, "max_edge_ratio": 0.8947795086407915, "avg_original_edge_ratio": 0.34565152185021275, "min_original_edge_ratio": 3.721342011369064e-05, "max_original_edge_ratio": 0.8947795086407915, "avg_tetra_per_polyhedron": 3.248062015503876, "min_tetra_per_polyhedron": 1, "max_tetra_per_polyhedron": 20, "polyhedra_final_rate": 30.787589498806682, "avg_face_per_polyhedron": 8.496124031007753, "min_face_per_polyhedron": 4, "max_face_per_polyhedron": 42, "avg_polyhedron_volume_ratio": 0.9542899711579826, "min_polyhedron_volume_ratio": 3.438755072912692e-07, "max_polyhedron_volume_ratio": 1.0000115901768751, "avg_polyhedron_area_ratio": 0.9978887972408989, "min_polyhedron_area_ratio": 0.7968882015214547, "max_polyhedron_area_ratio": 1.293154278696568, "dt": 3.6759021282196045, "filename": "Files/polylla_poisson10000r", "clean_name": "10585poissonr"}