{"number": 10000, "n_points": 10648, "n_faces": 113778, "n_tetras": 55566, "n_edges": 68859, "distribution": "uniform", "union_method": "a", "n_polyhedrons": 18565, "n_barrier_faces": 721, "polyhedra_with_barriers": 721, "n_tetra_left": 224, "n_tetra_left_rate": 1.206571505521142, "polyhedra_with_barriers_rate": 3.8836520333961753, "convex_rate": 100.0, "polyhedra_with_kernel": 100.0, "avg_edge_ratio": 0.33333333333333287, "min_edge_ratio": 0.3333333333333323, "max_edge_ratio": 0.3333333333333333, "avg_original_edge_ratio": 0.33333333333333287, "min_original_edge_ratio": 0.3333333333333323, "max_original_edge_ratio": 0.3333333333333333, "avg_tetra_per_polyhedron": 2.991758685698896, "min_tetra_per_polyhedron": 1, "max_tetra_per_polyhedron": 5, "polyhedra_final_rate": 33.41071878486844, "avg_face_per_polyhedron": 7.983517371397792, "min_face_per_polyhedron": 4, "max_face_per_polyhedron": 12, "avg_polyhedron_volume_ratio": 1, "min_polyhedron_volume_ratio": 1, "max_polyhedron_volume_ratio": 1, "avg_polyhedron_area_ratio": 1.0019484185494252, "min_polyhedron_area_ratio": 0.9999999999999997, "max_polyhedron_area_ratio": 1.0690355937288496, "dt": 6.484390497207642, "filename": "Files/polylla_uniform10000a", "clean_name": "10648uniforma"}