{"number": 10000, "n_points": 10648, "n_faces": 113778, "n_tetras": 55566, "n_edges": 68859, "distribution": "uniform", "union_method": "are2", "n_polyhedrons": 15939, "n_barrier_faces": 13781, "polyhedra_with_barriers": 3433, "n_tetra_left": 3190, "n_tetra_left_rate": 20.013802622498275, "polyhedra_with_barriers_rate": 21.538365016625885, "convex_rate": 70.2365267582659, "polyhedra_with_kernel": 90.06838572055963, "avg_edge_ratio": 0.33333333333333265, "min_edge_ratio": 0.3333333333333318, "max_edge_ratio": 0.3333333333333333, "avg_original_edge_ratio": 0.33333333333333287, "min_original_edge_ratio": 0.3333333333333323, "max_original_edge_ratio": 0.3333333333333333, "avg_tetra_per_polyhedron": 3.4787627831106094, "min_tetra_per_polyhedron": 1, "max_tetra_per_polyhedron": 24, "polyhedra_final_rate": 28.68480725623583, "avg_face_per_polyhedron": 8.957525566221218, "min_face_per_polyhedron": 4, "max_face_per_polyhedron": 50, "avg_polyhedron_volume_ratio": 0.8983802490120095, "min_polyhedron_volume_ratio": 1.322947079999998e-15, "max_polyhedron_volume_ratio": 5.000173189199997, "avg_polyhedron_area_ratio": 0.9830126155341907, "min_polyhedron_area_ratio": 0.6550971747951138, "max_polyhedron_area_ratio": 1.1633634483861184, "dt": 6.664537191390991, "filename": "Files/polylla_uniform10000are2", "clean_name": "10648uniformare2"}