{"number": 15000, "n_points": 14980, "n_faces": 176486, "n_tetras": 86186, "n_edges": 105279, "distribution": "random", "union_method": "a", "n_polyhedrons": 25145, "n_barrier_faces": 16423, "polyhedra_with_barriers": 6234, "n_tetra_left": 5997, "n_tetra_left_rate": 23.849671902962815, "polyhedra_with_barriers_rate": 24.79220520978326, "convex_rate": 92.09385563730363, "polyhedra_with_kernel": 97.75700934579439, "avg_edge_ratio": 0.09501401172167749, "min_edge_ratio": 2.5882361294130536e-08, "max_edge_ratio": 0.5742035227168591, "avg_original_edge_ratio": 0.20404556350532968, "min_original_edge_ratio": 3.279237219758959e-08, "max_original_edge_ratio": 0.8686577779422701, "avg_tetra_per_polyhedron": 3.4186120501093655, "min_tetra_per_polyhedron": 1, "max_tetra_per_polyhedron": 32, "polyhedra_final_rate": 29.175272085953637, "avg_face_per_polyhedron": 8.837224100218732, "min_face_per_polyhedron": 4, "max_face_per_polyhedron": 66, "avg_polyhedron_volume_ratio": 0.9575742396675738, "min_polyhedron_volume_ratio": 5.000309856069619e-10, "max_polyhedron_volume_ratio": 1.0000282595630052, "avg_polyhedron_area_ratio": 1.00462176316444, "min_polyhedron_area_ratio": 0.9032441345615349, "max_polyhedron_area_ratio": 1.302789143438258, "dt": 9.035715103149414, "filename": "Files/polylla_random15000a", "clean_name": "14980randoma"}