{"number": 15000, "n_points": 14980, "n_faces": 176486, "n_tetras": 86186, "n_edges": 105279, "distribution": "random", "union_method": "are1", "n_polyhedrons": 25280, "n_barrier_faces": 17372, "polyhedra_with_barriers": 6261, "n_tetra_left": 6253, "n_tetra_left_rate": 24.734968354430382, "polyhedra_with_barriers_rate": 24.76661392405063, "convex_rate": 92.22310126582278, "polyhedra_with_kernel": 97.67009493670886, "avg_edge_ratio": 0.0954484232518184, "min_edge_ratio": 2.5882361294130536e-08, "max_edge_ratio": 0.5742035227168591, "avg_original_edge_ratio": 0.20404556350532968, "min_original_edge_ratio": 3.279237219758959e-08, "max_original_edge_ratio": 0.8686577779422701, "avg_tetra_per_polyhedron": 3.3995648734177215, "min_tetra_per_polyhedron": 1, "max_tetra_per_polyhedron": 33, "polyhedra_final_rate": 29.33191005499733, "avg_face_per_polyhedron": 8.799129746835444, "min_face_per_polyhedron": 4, "max_face_per_polyhedron": 68, "avg_polyhedron_volume_ratio": 0.9588940448658119, "min_polyhedron_volume_ratio": 5.000309856069619e-10, "max_polyhedron_volume_ratio": 1.0000282595630052, "avg_polyhedron_area_ratio": 1.0047278127363988, "min_polyhedron_area_ratio": 0.9091750993746316, "max_polyhedron_area_ratio": 1.302789143438258, "dt": 8.996963500976562, "filename": "Files/polylla_random15000are1", "clean_name": "14980randomare1"}