{"number": 15000, "distribution": "random", "union_method": "r", "dt": 5.471219301223755, "n_points": 14980, "n_faces": 176486, "n_tetras": 86186, "n_edges": 105279, "n_polyhedrons": 24977, "n_barrier_faces": 8004, "polyhedra_with_barriers": 5273, "n_tetra_left": 4657, "convex_rate": 87.56455939464307, "polyhedra_with_kernel": 96.32862233254595, "avg_edge_ratio": 0.0934585228659116, "min_edge_ratio": 3.279237219758959e-08, "max_edge_ratio": 0.6619525165720629, "avg_tetra_per_polyhedron": 3.448572686871922, "min_tetra_per_polyhedron": 1, "max_tetra_per_polyhedron": 24, "avg_face_per_polyhedron": 8.897145373743845, "min_face_per_polyhedron": 4, "max_face_per_polyhedron": 50, "avg_polyhedron_volume_ratio": 0.9283905398518684, "min_polyhedron_volume_ratio": 1.6508075448706996e-11, "max_polyhedron_volume_ratio": 1.0000282595630052, "avg_polyhedron_area_ratio": 0.9945533411054162, "min_polyhedron_area_ratio": 0.425208073868815, "max_polyhedron_area_ratio": 1.405956055393092, "filename": "Files/polylla_random15000r", "clean_name": "14980randomr"}