{"number": 15000, "distribution": "random", "union_method": "are2", "dt": 13.12575364112854, "n_points": 14980, "n_faces": 176486, "n_tetras": 86186, "n_edges": 105279, "n_polyhedrons": 25424, "n_barrier_faces": 7185, "polyhedra_with_barriers": 5119, "n_tetra_left": 4488, "convex_rate": 0.8755506607929515, "polyhedra_with_kernel": 96.58590308370044, "avg_edge_ratio": 0.09321660137694336, "min_edge_ratio": 3.279237219758959e-08, "max_edge_ratio": 0.6619525165720629, "avg_tetra_per_polyhedron": 3.387468533668974, "min_tetra_per_polyhedron": 1, "max_tetra_per_polyhedron": 23, "avg_face_per_polyhedron": 8.774937067337948, "min_face_per_polyhedron": 4, "max_face_per_polyhedron": 48, "avg_polyhedron_volume_ratio": 0.9269402800807538, "min_polyhedron_volume_ratio": 1.6508075448706996e-11, "max_polyhedron_volume_ratio": 1.0000282595630052, "avg_polyhedron_area_ratio": 0.9925753337745434, "min_polyhedron_area_ratio": 0.43890670798350845, "max_polyhedron_area_ratio": 1.3816824723510344, "filename": "Files/polylla_random15000are2", "clean_name": "14980randomare2"}