{"number": 15000, "n_points": 14980, "n_faces": 176486, "n_tetras": 86186, "n_edges": 105279, "distribution": "random", "union_method": "tra", "n_polyhedrons": 27490, "n_barrier_faces": 5172, "polyhedra_with_barriers": 4160, "n_tetra_left": 4189, "n_tetra_left_rate": 15.238268461258638, "polyhedra_with_barriers_rate": 15.13277555474718, "convex_rate": 89.3233903237541, "polyhedra_with_kernel": 98.16296835212805, "avg_edge_ratio": 0.08884972798309831, "min_edge_ratio": 2.5882361294130536e-08, "max_edge_ratio": 0.5115639606963193, "avg_original_edge_ratio": 0.20404556350532968, "min_original_edge_ratio": 3.279237219758959e-08, "max_original_edge_ratio": 0.8686577779422701, "avg_tetra_per_polyhedron": 3.1348126591487815, "min_tetra_per_polyhedron": 1, "max_tetra_per_polyhedron": 19, "polyhedra_final_rate": 31.896131622305248, "avg_face_per_polyhedron": 8.269625318297562, "min_face_per_polyhedron": 4, "max_face_per_polyhedron": 40, "avg_polyhedron_volume_ratio": 0.9332374956283025, "min_polyhedron_volume_ratio": 3.5110396805156677e-10, "max_polyhedron_volume_ratio": 1.0000216387974201, "avg_polyhedron_area_ratio": 0.9867374449104963, "min_polyhedron_area_ratio": 0.3633148896752138, "max_polyhedron_area_ratio": 1.302789143438258, "dt": 11.976695775985718, "filename": "Files/polylla_random15000tra", "clean_name": "14980randomtra"}