{"number": 15000, "n_points": 15001, "n_faces": 167812, "n_tetras": 82192, "n_edges": 100620, "distribution": "semiuniform", "union_method": "are1", "n_polyhedrons": 24450, "n_barrier_faces": 4661, "polyhedra_with_barriers": 3319, "n_tetra_left": 3275, "n_tetra_left_rate": 13.394683026584866, "polyhedra_with_barriers_rate": 13.574642126789366, "convex_rate": 84.7402862985685, "polyhedra_with_kernel": 95.61145194274029, "avg_edge_ratio": 0.39658173362259325, "min_edge_ratio": 0.11630065561928092, "max_edge_ratio": 0.8501292727485246, "avg_original_edge_ratio": 0.47618973835994116, "min_original_edge_ratio": 0.1257577253380962, "max_original_edge_ratio": 0.9277452884046596, "avg_tetra_per_polyhedron": 3.358486707566462, "min_tetra_per_polyhedron": 1, "max_tetra_per_polyhedron": 18, "polyhedra_final_rate": 29.747420673544873, "avg_face_per_polyhedron": 8.716973415132925, "min_face_per_polyhedron": 4, "max_face_per_polyhedron": 38, "avg_polyhedron_volume_ratio": 0.8976626738669292, "min_polyhedron_volume_ratio": 5.215000131566569e-10, "max_polyhedron_volume_ratio": 1, "avg_polyhedron_area_ratio": 0.9699547077472802, "min_polyhedron_area_ratio": 0.7328286678222183, "max_polyhedron_area_ratio": 1.296657650980598, "dt": 9.592711925506592, "filename": "Files/polylla_semiuniform15000are1", "clean_name": "15001semiuniformare1"}