{"number": 15000, "n_points": 15001, "n_faces": 167812, "n_tetras": 82192, "n_edges": 100620, "distribution": "semiuniform", "union_method": "are2", "n_polyhedrons": 24449, "n_barrier_faces": 4658, "polyhedra_with_barriers": 3317, "n_tetra_left": 3273, "n_tetra_left_rate": 13.387050595116365, "polyhedra_with_barriers_rate": 13.567017055912306, "convex_rate": 84.7437523007076, "polyhedra_with_kernel": 95.61127244468076, "avg_edge_ratio": 0.3965758301460172, "min_edge_ratio": 0.11630065561928092, "max_edge_ratio": 0.8501292727485246, "avg_original_edge_ratio": 0.47618973835994116, "min_original_edge_ratio": 0.1257577253380962, "max_original_edge_ratio": 0.9277452884046596, "avg_tetra_per_polyhedron": 3.358624074604278, "min_tetra_per_polyhedron": 1, "max_tetra_per_polyhedron": 18, "polyhedra_final_rate": 29.74620401012264, "avg_face_per_polyhedron": 8.717248149208556, "min_face_per_polyhedron": 4, "max_face_per_polyhedron": 38, "avg_polyhedron_volume_ratio": 0.8976911007955943, "min_polyhedron_volume_ratio": 5.215000131566569e-10, "max_polyhedron_volume_ratio": 1, "avg_polyhedron_area_ratio": 0.9699456997568153, "min_polyhedron_area_ratio": 0.7328286678222183, "max_polyhedron_area_ratio": 1.296657650980598, "dt": 9.746173620223999, "filename": "Files/polylla_semiuniform15000are2", "clean_name": "15001semiuniformare2"}