{"number": 15000, "n_points": 15001, "n_faces": 167812, "n_tetras": 82192, "n_edges": 100620, "distribution": "semiuniform", "union_method": "are2", "n_polyhedrons": 25886, "n_barrier_faces": 6282, "polyhedra_with_barriers": 4708, "n_tetra_left": 4294, "n_tetra_left_rate": 16.58811712895001, "polyhedra_with_barriers_rate": 18.187437224754692, "convex_rate": 94.07015375106235, "polyhedra_with_kernel": 98.64019160936414, "avg_edge_ratio": 0.359283487166895, "min_edge_ratio": 0.10600009064334767, "max_edge_ratio": 0.736756829543737, "median_edge_ratio": 0.3560791024143135, "variance_edge_ratio": 0.0067672203529161494, "avg_original_edge_ratio": 0.47618973835994116, "min_original_edge_ratio": 0.1257577253380962, "max_original_edge_ratio": 0.9277452884046596, "avg_tetra_per_polyhedron": 3.1750753302943675, "min_tetra_per_polyhedron": 1, "max_tetra_per_polyhedron": 17, "median_tetra_per_polyhedron": 3.0, "variance_tetra_per_polyhedron": 3.662065234811896, "polyhedra_final_rate": 31.494549347868407, "avg_face_per_polyhedron": 8.350150660588735, "min_face_per_polyhedron": 4, "max_face_per_polyhedron": 36, "median_face_per_polyhedron": 8.0, "variance_face_per_polyhedron": 14.648260939247583, "avg_polyhedron_volume_ratio": 0.9603810790933106, "min_polyhedron_volume_ratio": 3.0134657407986927e-07, "max_polyhedron_volume_ratio": 1.000000443619988, "median_polyhedron_volume_ration": 1.0, "variance_polyhedron_volume_ration": 0.03403084461109399, "avg_polyhedron_area_ratio": 0.9935953283036995, "min_polyhedron_area_ratio": 0.8295978628842823, "max_polyhedron_area_ratio": 1.2116225251752013, "median_polyhedron_area_ratio": 0.9999999999999998, "variance_polyhedron_area_ratio": 0.0004286262484818189, "dt": 10.709081649780273, "filename": "Files/polylla_semiuniform15000are2", "clean_name": "15001semiuniformare2"}