{"number": 15000, "n_points": 15001, "n_faces": 167812, "n_tetras": 82192, "n_edges": 100620, "distribution": "semiuniform", "union_method": "r", "n_polyhedrons": 25940, "n_barrier_faces": 7120, "polyhedra_with_barriers": 5096, "n_tetra_left": 4469, "n_tetra_left_rate": 17.22821896684657, "polyhedra_with_barriers_rate": 19.64533538936006, "convex_rate": 94.87663839629916, "polyhedra_with_kernel": 98.77794911333847, "avg_edge_ratio": 0.36196000254800204, "min_edge_ratio": 0.10474920425722513, "max_edge_ratio": 0.7609865519956869, "avg_original_edge_ratio": 0.47618973835994116, "min_original_edge_ratio": 0.1257577253380962, "max_original_edge_ratio": 0.9277452884046596, "avg_tetra_per_polyhedron": 3.168272937548188, "min_tetra_per_polyhedron": 1, "max_tetra_per_polyhedron": 18, "polyhedra_final_rate": 31.560249172668875, "avg_face_per_polyhedron": 8.336545875096377, "min_face_per_polyhedron": 4, "max_face_per_polyhedron": 38, "avg_polyhedron_volume_ratio": 0.9663274923289, "min_polyhedron_volume_ratio": 1.4962925002140593e-11, "max_polyhedron_volume_ratio": 1.000000443619988, "avg_polyhedron_area_ratio": 0.9952324146086036, "min_polyhedron_area_ratio": 0.8326321714576751, "max_polyhedron_area_ratio": 1.2250311403037475, "dt": 5.469241142272949, "filename": "Files/polylla_semiuniform15000r", "clean_name": "15001semiuniformr"}