{"number": 15000, "n_points": 15001, "n_faces": 167812, "n_tetras": 82192, "n_edges": 100620, "distribution": "semiuniform", "union_method": "tra", "n_polyhedrons": 24444, "n_barrier_faces": 4658, "polyhedra_with_barriers": 3316, "n_tetra_left": 3275, "n_tetra_left_rate": 13.397970872197677, "polyhedra_with_barriers_rate": 13.565701194567174, "convex_rate": 84.74063164784815, "polyhedra_with_kernel": 95.62264768450336, "avg_edge_ratio": 0.3965960754512196, "min_edge_ratio": 0.11630065561928092, "max_edge_ratio": 0.8501292727485246, "avg_original_edge_ratio": 0.47618973835994116, "min_original_edge_ratio": 0.1257577253380962, "max_original_edge_ratio": 0.9277452884046596, "avg_tetra_per_polyhedron": 3.359229258713795, "min_tetra_per_polyhedron": 1, "max_tetra_per_polyhedron": 18, "polyhedra_final_rate": 29.740120693011484, "avg_face_per_polyhedron": 8.718458517427589, "min_face_per_polyhedron": 4, "max_face_per_polyhedron": 38, "avg_polyhedron_volume_ratio": 0.8975652227531482, "min_polyhedron_volume_ratio": 5.215000131566569e-10, "max_polyhedron_volume_ratio": 1, "avg_polyhedron_area_ratio": 0.9699550831712648, "min_polyhedron_area_ratio": 0.7328286678222183, "max_polyhedron_area_ratio": 1.296657650980598, "dt": 13.163142919540405, "filename": "Files/polylla_semiuniform15000tra", "clean_name": "15001semiuniformtra"}