{"number": 15000, "distribution": "semiuniform", "union_method": "a", "dt": 8.145954132080078, "n_points": 15001, "n_faces": 167812, "n_tetras": 82192, "n_edges": 100620, "n_polyhedrons": 27385, "n_barrier_faces": 11105, "polyhedra_with_barriers": 6979, "n_tetra_left": 6061, "convex_rate": 97.30509402957823, "polyhedra_with_kernel": 99.346357494979, "avg_edge_ratio": 0.3735863855034829, "min_edge_ratio": 0.10349153597789931, "max_edge_ratio": 0.7995313468899068, "avg_tetra_per_polyhedron": 3.000985941208691, "min_tetra_per_polyhedron": 1, "max_tetra_per_polyhedron": 18, "avg_face_per_polyhedron": 8.001971882417381, "min_face_per_polyhedron": 4, "max_face_per_polyhedron": 38, "avg_polyhedron_volume_ratio": 0.9821726560229536, "min_polyhedron_volume_ratio": 1.6576089766601326e-06, "max_polyhedron_volume_ratio": 1.000000443619988, "avg_polyhedron_area_ratio": 0.9984816522278929, "min_polyhedron_area_ratio": 0.8873268361959608, "max_polyhedron_area_ratio": 1.2073196672252346, "filename": "Files/polylla_semiuniform15000a", "clean_name": "15001semiuniforma"}