{"number": 15000, "n_points": 15001, "n_faces": 167812, "n_tetras": 82192, "n_edges": 100620, "distribution": "semiuniform", "union_method": "are2", "n_polyhedrons": 27510, "n_barrier_faces": 5544, "polyhedra_with_barriers": 4707, "n_tetra_left": 3762, "n_tetra_left_rate": 13.675027262813522, "polyhedra_with_barriers_rate": 17.110141766630317, "convex_rate": 94.25663395129044, "polyhedra_with_kernel": 98.83678662304617, "avg_edge_ratio": 0.41312026624823994, "min_edge_ratio": 0.10600009064334767, "max_edge_ratio": 0.8821052098946941, "avg_original_edge_ratio": 0.47618973835994116, "min_original_edge_ratio": 0.1257577253380962, "max_original_edge_ratio": 0.9277452884046596, "avg_tetra_per_polyhedron": 2.987168302435478, "min_tetra_per_polyhedron": 1, "max_tetra_per_polyhedron": 14, "polyhedra_final_rate": 33.47041074557134, "avg_face_per_polyhedron": 7.974336604870956, "min_face_per_polyhedron": 4, "max_face_per_polyhedron": 30, "avg_polyhedron_volume_ratio": 0.9597474240571621, "min_polyhedron_volume_ratio": 1.8507397540470366e-07, "max_polyhedron_volume_ratio": 1, "avg_polyhedron_area_ratio": 0.9928764519890761, "min_polyhedron_area_ratio": 0.8106039711495786, "max_polyhedron_area_ratio": 1.2739458730711808, "dt": 8.510806798934937, "filename": "Files/polylla_semiuniform15000are2", "clean_name": "15001semiuniformare2"}