{"number": 15000, "n_points": 15001, "n_faces": 167812, "n_tetras": 82192, "n_edges": 100620, "distribution": "semiuniform", "union_method": "are1", "n_polyhedrons": 27538, "n_barrier_faces": 11473, "polyhedra_with_barriers": 7109, "n_tetra_left": 6237, "n_tetra_left_rate": 22.648703609557703, "polyhedra_with_barriers_rate": 25.81523712687922, "convex_rate": 97.39269373229719, "polyhedra_with_kernel": 99.32456968552546, "avg_edge_ratio": 0.3742648106919665, "min_edge_ratio": 0.10349153597789931, "max_edge_ratio": 0.7995313468899068, "avg_original_edge_ratio": 0.47618973835994116, "min_original_edge_ratio": 0.1257577253380962, "max_original_edge_ratio": 0.9277452884046596, "avg_tetra_per_polyhedron": 2.984276272786695, "min_tetra_per_polyhedron": 1, "max_tetra_per_polyhedron": 18, "polyhedra_final_rate": 33.50447732139381, "avg_face_per_polyhedron": 7.96855254557339, "min_face_per_polyhedron": 4, "max_face_per_polyhedron": 38, "avg_polyhedron_volume_ratio": 0.9831524695186544, "min_polyhedron_volume_ratio": 2.2712635549785327e-11, "max_polyhedron_volume_ratio": 1.000000443619988, "avg_polyhedron_area_ratio": 0.9986602652492462, "min_polyhedron_area_ratio": 0.8873268361959608, "max_polyhedron_area_ratio": 1.2073196672252346, "dt": 9.92383885383606, "filename": "Files/polylla_semiuniform15000are1", "clean_name": "15001semiuniformare1"}