{"number": 15000, "n_points": 15001, "n_faces": 167812, "n_tetras": 82192, "n_edges": 100620, "distribution": "semiuniform", "union_method": "tra", "n_polyhedrons": 26945, "n_barrier_faces": 4010, "polyhedra_with_barriers": 3347, "n_tetra_left": 3913, "n_tetra_left_rate": 14.522174800519577, "polyhedra_with_barriers_rate": 12.421599554648358, "convex_rate": 93.04509185377621, "polyhedra_with_kernel": 98.46724809797736, "avg_edge_ratio": 0.3572462008967762, "min_edge_ratio": 0.10149434016788043, "max_edge_ratio": 0.7781635069792632, "avg_original_edge_ratio": 0.47618973835994116, "min_original_edge_ratio": 0.1257577253380962, "max_original_edge_ratio": 0.9277452884046596, "avg_tetra_per_polyhedron": 3.0497680460196697, "min_tetra_per_polyhedron": 1, "max_tetra_per_polyhedron": 17, "polyhedra_final_rate": 32.782995912010904, "avg_face_per_polyhedron": 8.09953609203934, "min_face_per_polyhedron": 4, "max_face_per_polyhedron": 36, "avg_polyhedron_volume_ratio": 0.9532522269651484, "min_polyhedron_volume_ratio": 9.971410986314617e-09, "max_polyhedron_volume_ratio": 1.0000026492244218, "avg_polyhedron_area_ratio": 0.9873324897494534, "min_polyhedron_area_ratio": 0.7897674919429784, "max_polyhedron_area_ratio": 1.2859680974761325, "dt": 12.401702880859375, "filename": "Files/polylla_semiuniform15000tra", "clean_name": "15001semiuniformtra"}