{"number": 15000, "n_points": 15001, "n_faces": 167812, "n_tetras": 82192, "n_edges": 100620, "distribution": "semiuniform", "union_method": "are1", "n_polyhedrons": 24530, "n_barrier_faces": 4699, "polyhedra_with_barriers": 3328, "n_tetra_left": 3433, "n_tetra_left_rate": 13.99510803098247, "polyhedra_with_barriers_rate": 13.567060741948634, "convex_rate": 84.80228291887485, "polyhedra_with_kernel": 95.43416225030575, "avg_edge_ratio": 0.3935627594990154, "min_edge_ratio": 0.10433591308922494, "max_edge_ratio": 0.8411849542162135, "avg_original_edge_ratio": 0.47618973835994116, "min_original_edge_ratio": 0.1257577253380962, "max_original_edge_ratio": 0.9277452884046596, "avg_tetra_per_polyhedron": 3.346269873624134, "min_tetra_per_polyhedron": 1, "max_tetra_per_polyhedron": 18, "polyhedra_final_rate": 29.844753747323338, "avg_face_per_polyhedron": 8.692539747248267, "min_face_per_polyhedron": 4, "max_face_per_polyhedron": 38, "avg_polyhedron_volume_ratio": 0.8998419923350714, "min_polyhedron_volume_ratio": 1.7760131140535994e-09, "max_polyhedron_volume_ratio": 1, "avg_polyhedron_area_ratio": 0.9696821610762164, "min_polyhedron_area_ratio": 0.7437308449684334, "max_polyhedron_area_ratio": 1.3215064369727876, "dt": 8.837525844573975, "filename": "Files/polylla_semiuniform15000are1", "clean_name": "15001semiuniformare1"}