{"number": 15000, "n_points": 15028, "n_faces": 169698, "n_tetras": 82622, "n_edges": 102103, "distribution": "poisson", "union_method": "a", "n_polyhedrons": 27264, "n_barrier_faces": 12920, "polyhedra_with_barriers": 7066, "n_tetra_left": 6423, "n_tetra_left_rate": 23.558538732394364, "polyhedra_with_barriers_rate": 25.916960093896712, "convex_rate": 95.84066901408451, "polyhedra_with_kernel": 99.26643192488262, "avg_edge_ratio": 0.2712158258440836, "min_edge_ratio": 7.591246631907292e-07, "max_edge_ratio": 0.7136371522664213, "avg_original_edge_ratio": 0.3398631749570131, "min_original_edge_ratio": 7.997093773366482e-07, "max_original_edge_ratio": 0.896362476384352, "avg_tetra_per_polyhedron": 3.0299295774647885, "min_tetra_per_polyhedron": 1, "max_tetra_per_polyhedron": 19, "polyhedra_final_rate": 32.99847498245019, "avg_face_per_polyhedron": 8.059859154929578, "min_face_per_polyhedron": 4, "max_face_per_polyhedron": 40, "avg_polyhedron_volume_ratio": 0.9774170328010418, "min_polyhedron_volume_ratio": 1.5950502775152785e-07, "max_polyhedron_volume_ratio": 1.00002431534748, "avg_polyhedron_area_ratio": 1.00269764784381, "min_polyhedron_area_ratio": 0.9113346813936191, "max_polyhedron_area_ratio": 1.322099137571798, "dt": 8.38810920715332, "filename": "Files/polylla_poisson15000a", "clean_name": "15028poissona"}