{"number": 15000, "distribution": "poisson", "union_method": "are2", "dt": 8.545976400375366, "n_points": 15028, "n_faces": 169698, "n_tetras": 82622, "n_edges": 102103, "n_polyhedrons": 25757, "n_barrier_faces": 5985, "polyhedra_with_barriers": 4612, "n_tetra_left": 4061, "convex_rate": 91.4586326047288, "polyhedra_with_kernel": 98.27619676204526, "avg_edge_ratio": 0.2545915160928979, "min_edge_ratio": 7.997093773366482e-07, "max_edge_ratio": 0.7465591120125307, "avg_tetra_per_polyhedron": 3.2076717008968436, "min_tetra_per_polyhedron": 1, "max_tetra_per_polyhedron": 18, "avg_face_per_polyhedron": 8.415343401793686, "min_face_per_polyhedron": 4, "max_face_per_polyhedron": 38, "avg_polyhedron_volume_ratio": 0.9497817921959969, "min_polyhedron_volume_ratio": 6.948993124951806e-09, "max_polyhedron_volume_ratio": 1.00002431534748, "avg_polyhedron_area_ratio": 0.9962529602947516, "min_polyhedron_area_ratio": 0.7479827957547275, "max_polyhedron_area_ratio": 1.2727049622828515, "filename": "Files/polylla_poisson15000are2", "clean_name": "15028poissonare2"}