{"number": 15000, "n_points": 15028, "n_faces": 169698, "n_tetras": 82622, "n_edges": 102103, "distribution": "poisson", "union_method": "are1", "n_polyhedrons": 27413, "n_barrier_faces": 13511, "polyhedra_with_barriers": 7160, "n_tetra_left": 6641, "n_tetra_left_rate": 24.225732316784008, "polyhedra_with_barriers_rate": 26.118994637580712, "convex_rate": 96.00189691022507, "polyhedra_with_kernel": 99.30689818699157, "avg_edge_ratio": 0.2719278398693503, "min_edge_ratio": 7.591246631907292e-07, "max_edge_ratio": 0.7136371522664213, "avg_original_edge_ratio": 0.3398631749570131, "min_original_edge_ratio": 7.997093773366482e-07, "max_original_edge_ratio": 0.896362476384352, "avg_tetra_per_polyhedron": 3.0135702039178494, "min_tetra_per_polyhedron": 1, "max_tetra_per_polyhedron": 17, "polyhedra_final_rate": 33.17881435937159, "avg_face_per_polyhedron": 8.027140407835699, "min_face_per_polyhedron": 4, "max_face_per_polyhedron": 36, "avg_polyhedron_volume_ratio": 0.9781291253654992, "min_polyhedron_volume_ratio": 1.5950502775152785e-07, "max_polyhedron_volume_ratio": 1.00002431534748, "avg_polyhedron_area_ratio": 1.002864034375126, "min_polyhedron_area_ratio": 0.9113346813936191, "max_polyhedron_area_ratio": 1.3253785187769582, "dt": 8.529405355453491, "filename": "Files/polylla_poisson15000are1", "clean_name": "15028poissonare1"}