{"number": 15000, "distribution": "poisson", "union_method": "r", "dt": 4.773341178894043, "n_points": 15028, "n_faces": 169698, "n_tetras": 82622, "n_edges": 102103, "n_polyhedrons": 25487, "n_barrier_faces": 6733, "polyhedra_with_barriers": 4963, "n_tetra_left": 4158, "convex_rate": 91.96453093734061, "polyhedra_with_kernel": 98.4658845686036, "avg_edge_ratio": 0.2568712597513808, "min_edge_ratio": 7.997093773366482e-07, "max_edge_ratio": 0.7673264686221216, "avg_tetra_per_polyhedron": 3.241613371522737, "min_tetra_per_polyhedron": 1, "max_tetra_per_polyhedron": 17, "avg_face_per_polyhedron": 8.483226743045474, "min_face_per_polyhedron": 4, "max_face_per_polyhedron": 36, "avg_polyhedron_volume_ratio": 0.9532231262738565, "min_polyhedron_volume_ratio": 6.948993124951806e-09, "max_polyhedron_volume_ratio": 1.0000286453795708, "avg_polyhedron_area_ratio": 0.9982064734503109, "min_polyhedron_area_ratio": 0.7790008697324641, "max_polyhedron_area_ratio": 1.2727049622828515, "filename": "Files/polylla_poisson15000r", "clean_name": "15028poissonr"}