{"number": 15000, "distribution": "poisson", "union_method": "tra", "dt": 11.573794603347778, "n_points": 15028, "n_faces": 169698, "n_tetras": 82622, "n_edges": 102103, "n_polyhedrons": 28031, "n_barrier_faces": 4031, "polyhedra_with_barriers": 3485, "n_tetra_left": 4600, "convex_rate": 91.64496450358531, "polyhedra_with_kernel": 98.309015019086, "avg_edge_ratio": 0.24713571464734505, "min_edge_ratio": 7.591246631907292e-07, "max_edge_ratio": 0.6265370127324345, "avg_tetra_per_polyhedron": 2.9471656380435944, "min_tetra_per_polyhedron": 1, "max_tetra_per_polyhedron": 15, "avg_face_per_polyhedron": 7.894331276087189, "min_face_per_polyhedron": 4, "max_face_per_polyhedron": 32, "avg_polyhedron_volume_ratio": 0.9490304776043292, "min_polyhedron_volume_ratio": 8.021478580783931e-10, "max_polyhedron_volume_ratio": 1.00002431534748, "avg_polyhedron_area_ratio": 0.9875515633726256, "min_polyhedron_area_ratio": 0.7150461151019109, "max_polyhedron_area_ratio": 1.2719217703956567, "filename": "Files/polylla_poisson15000tra", "clean_name": "15028poissontra"}