{"number": 15000, "n_points": 15625, "n_faces": 169344, "n_tetras": 82944, "n_edges": 102024, "distribution": "uniform", "union_method": "are1", "n_polyhedrons": 27844, "n_barrier_faces": 461, "polyhedra_with_barriers": 461, "n_tetra_left": 111, "n_tetra_left_rate": 0.3986496193075707, "polyhedra_with_barriers_rate": 1.6556529234305415, "convex_rate": 100.0, "polyhedra_with_kernel": 100.0, "avg_edge_ratio": 0.33333333333333287, "min_edge_ratio": 0.33333333333333215, "max_edge_ratio": 0.33333333333333337, "avg_original_edge_ratio": 0.33333333333333287, "min_original_edge_ratio": 0.33333333333333215, "max_original_edge_ratio": 0.33333333333333337, "avg_tetra_per_polyhedron": 2.9775894268064933, "min_tetra_per_polyhedron": 1, "max_tetra_per_polyhedron": 5, "polyhedra_final_rate": 33.56963734567901, "avg_face_per_polyhedron": 7.955178853612987, "min_face_per_polyhedron": 4, "max_face_per_polyhedron": 12, "avg_polyhedron_volume_ratio": 1, "min_polyhedron_volume_ratio": 1, "max_polyhedron_volume_ratio": 1, "avg_polyhedron_area_ratio": 1.001455954030989, "min_polyhedron_area_ratio": 0.9999999999999997, "max_polyhedron_area_ratio": 1.0690355937288494, "dt": 9.18040132522583, "filename": "Files/polylla_uniform15000are1", "clean_name": "15625uniformare1"}