{"number": 20000, "n_points": 19683, "n_faces": 214968, "n_tetras": 105456, "n_edges": 129194, "distribution": "uniform", "union_method": "are1", "n_polyhedrons": 35269, "n_barrier_faces": 1374, "polyhedra_with_barriers": 1374, "n_tetra_left": 381, "n_tetra_left_rate": 1.0802687912898012, "polyhedra_with_barriers_rate": 3.8957724914230627, "convex_rate": 100.0, "polyhedra_with_kernel": 100.0, "avg_edge_ratio": 0.3333333333333329, "min_edge_ratio": 0.33333333333333204, "max_edge_ratio": 0.33333333333333337, "avg_original_edge_ratio": 0.3333333333333329, "min_original_edge_ratio": 0.33333333333333204, "max_original_edge_ratio": 0.33333333333333337, "avg_tetra_per_polyhedron": 2.9878363435311464, "min_tetra_per_polyhedron": 1, "max_tetra_per_polyhedron": 5, "polyhedra_final_rate": 33.44428007889546, "avg_face_per_polyhedron": 7.975672687062293, "min_face_per_polyhedron": 4, "max_face_per_polyhedron": 12, "avg_polyhedron_volume_ratio": 1, "min_polyhedron_volume_ratio": 1, "max_polyhedron_volume_ratio": 1, "avg_polyhedron_area_ratio": 1.0028665094600115, "min_polyhedron_area_ratio": 0.9999999999999996, "max_polyhedron_area_ratio": 1.0690355937288494, "dt": 11.752110719680786, "filename": "Files/polylla_uniform20000are1", "clean_name": "19683uniformare1"}