{"number": 20000, "n_points": 19979, "n_faces": 235423, "n_tetras": 115028, "n_edges": 140373, "distribution": "random", "union_method": "a", "n_polyhedrons": 33549, "n_barrier_faces": 21716, "polyhedra_with_barriers": 8340, "n_tetra_left": 8158, "n_tetra_left_rate": 24.31667113773883, "polyhedra_with_barriers_rate": 24.8591612268622, "convex_rate": 91.97293510983934, "polyhedra_with_kernel": 97.60052460580047, "avg_edge_ratio": 0.09465653692283171, "min_edge_ratio": 4.409792300526429e-07, "max_edge_ratio": 0.5686007253898588, "avg_original_edge_ratio": 0.20214588379073212, "min_original_edge_ratio": 4.409792300526429e-07, "max_original_edge_ratio": 0.8738090085692493, "avg_tetra_per_polyhedron": 3.4207875048436613, "min_tetra_per_polyhedron": 1, "max_tetra_per_polyhedron": 26, "polyhedra_final_rate": 29.165942205376084, "avg_face_per_polyhedron": 8.841575009687324, "min_face_per_polyhedron": 4, "max_face_per_polyhedron": 54, "avg_polyhedron_volume_ratio": 0.9582508828157075, "min_polyhedron_volume_ratio": 8.29238486073308e-11, "max_polyhedron_volume_ratio": 1.0000342077281685, "avg_polyhedron_area_ratio": 1.0046027990141355, "min_polyhedron_area_ratio": 0.8806853743068069, "max_polyhedron_area_ratio": 1.3435018214352965, "dt": 12.446542739868164, "filename": "Files/polylla_random20000a", "clean_name": "19979randoma"}