{"number": 20000, "n_points": 19979, "n_faces": 235423, "n_tetras": 115028, "n_edges": 140373, "distribution": "random", "union_method": "are1", "n_polyhedrons": 33706, "n_barrier_faces": 22954, "polyhedra_with_barriers": 8366, "n_tetra_left": 8524, "n_tetra_left_rate": 25.289266006052337, "polyhedra_with_barriers_rate": 24.820506734705987, "convex_rate": 92.17646709784609, "polyhedra_with_kernel": 97.61170118079868, "avg_edge_ratio": 0.09516582167109522, "min_edge_ratio": 4.409792300526429e-07, "max_edge_ratio": 0.5686007253898588, "avg_original_edge_ratio": 0.20214588379073212, "min_original_edge_ratio": 4.409792300526429e-07, "max_original_edge_ratio": 0.8738090085692493, "avg_tetra_per_polyhedron": 3.405031745089895, "min_tetra_per_polyhedron": 1, "max_tetra_per_polyhedron": 29, "polyhedra_final_rate": 29.30243071252217, "avg_face_per_polyhedron": 8.81006349017979, "min_face_per_polyhedron": 4, "max_face_per_polyhedron": 60, "avg_polyhedron_volume_ratio": 0.959950674792982, "min_polyhedron_volume_ratio": 8.29238486073308e-11, "max_polyhedron_volume_ratio": 1.0000342077281685, "avg_polyhedron_area_ratio": 1.0046897625952032, "min_polyhedron_area_ratio": 0.8806853743068069, "max_polyhedron_area_ratio": 1.3435018214352965, "dt": 13.1534104347229, "filename": "Files/polylla_random20000are1", "clean_name": "19979randomare1"}