{"number": 20000, "n_points": 19979, "n_faces": 235423, "n_tetras": 115028, "n_edges": 140373, "distribution": "random", "union_method": "r", "n_polyhedrons": 33273, "n_barrier_faces": 10658, "polyhedra_with_barriers": 7043, "n_tetra_left": 6335, "n_tetra_left_rate": 19.039461425179574, "polyhedra_with_barriers_rate": 21.16731283623358, "convex_rate": 87.31704384936737, "polyhedra_with_kernel": 96.03883028281189, "avg_edge_ratio": 0.09252869277059017, "min_edge_ratio": 4.409792300526429e-07, "max_edge_ratio": 0.6537594858991176, "avg_original_edge_ratio": 0.20214588379073212, "min_original_edge_ratio": 4.409792300526429e-07, "max_original_edge_ratio": 0.8738090085692493, "avg_tetra_per_polyhedron": 3.4511465753012955, "min_tetra_per_polyhedron": 1, "max_tetra_per_polyhedron": 29, "polyhedra_final_rate": 28.926000625934556, "avg_face_per_polyhedron": 8.90229315060259, "min_face_per_polyhedron": 4, "max_face_per_polyhedron": 60, "avg_polyhedron_volume_ratio": 0.9286372228966502, "min_polyhedron_volume_ratio": 2.9147357344572517e-13, "max_polyhedron_volume_ratio": 1.0000191735980766, "avg_polyhedron_area_ratio": 0.9942968948250304, "min_polyhedron_area_ratio": 0.40946122980833355, "max_polyhedron_area_ratio": 1.4767817966117336, "dt": 8.236141920089722, "filename": "Files/polylla_random20000r", "clean_name": "19979randomr"}