{"number": 20000, "n_points": 19979, "n_faces": 235423, "n_tetras": 115028, "n_edges": 140373, "distribution": "random", "union_method": "tra", "n_polyhedrons": 36783, "n_barrier_faces": 6809, "polyhedra_with_barriers": 5479, "n_tetra_left": 5823, "n_tetra_left_rate": 15.830682652312209, "polyhedra_with_barriers_rate": 14.895468015115679, "convex_rate": 89.46524209553326, "polyhedra_with_kernel": 98.15947584481962, "avg_edge_ratio": 0.08784880311225225, "min_edge_ratio": 4.409792300526429e-07, "max_edge_ratio": 0.5369734138638976, "avg_original_edge_ratio": 0.20214588379073212, "min_original_edge_ratio": 4.409792300526429e-07, "max_original_edge_ratio": 0.8738090085692493, "avg_tetra_per_polyhedron": 3.1263355354375664, "min_tetra_per_polyhedron": 1, "max_tetra_per_polyhedron": 22, "polyhedra_final_rate": 31.977431581875713, "avg_face_per_polyhedron": 8.252671070875133, "min_face_per_polyhedron": 4, "max_face_per_polyhedron": 46, "avg_polyhedron_volume_ratio": 0.9351017415874612, "min_polyhedron_volume_ratio": 3.7240609533706833e-10, "max_polyhedron_volume_ratio": 1.0000339685259774, "avg_polyhedron_area_ratio": 0.9863149870122637, "min_polyhedron_area_ratio": 0.3654731570530139, "max_polyhedron_area_ratio": 1.3350791726866849, "dt": 17.550329446792603, "filename": "Files/polylla_random20000tra", "clean_name": "19979randomtra"}