{"number": 20000, "distribution": "random", "union_method": "are2", "dt": 12.502021551132202, "n_points": 19979, "n_faces": 235423, "n_tetras": 115028, "n_edges": 140373, "n_polyhedrons": 33998, "n_barrier_faces": 9674, "polyhedra_with_barriers": 6843, "n_tetra_left": 6155, "convex_rate": 87.55220895346784, "polyhedra_with_kernel": 96.27625154420848, "avg_edge_ratio": 0.09254503318406179, "min_edge_ratio": 4.409792300526429e-07, "max_edge_ratio": 0.5819269081131709, "avg_tetra_per_polyhedron": 3.3792576033884347, "min_tetra_per_polyhedron": 1, "max_tetra_per_polyhedron": 31, "avg_face_per_polyhedron": 8.758515206776869, "min_face_per_polyhedron": 4, "max_face_per_polyhedron": 64, "avg_polyhedron_volume_ratio": 0.9296834962494533, "min_polyhedron_volume_ratio": 1.738157147474434e-11, "max_polyhedron_volume_ratio": 1.000019554553041, "avg_polyhedron_area_ratio": 0.992530582481362, "min_polyhedron_area_ratio": 0.40946122980833355, "max_polyhedron_area_ratio": 1.4767817966117336, "filename": "Files/polylla_random20000are2", "clean_name": "19979randomare2"}