{"number": 20000, "distribution": "poisson", "union_method": "are1", "dt": 11.829928874969482, "n_points": 19986, "n_faces": 226099, "n_tetras": 110107, "n_edges": 135977, "n_polyhedrons": 36670, "n_barrier_faces": 18240, "polyhedra_with_barriers": 9474, "n_tetra_left": 8932, "convex_rate": 95.87673847832015, "polyhedra_with_kernel": 99.18734660485411, "avg_edge_ratio": 0.2699194328859863, "min_edge_ratio": 8.157818455255443e-07, "max_edge_ratio": 0.7215904288085602, "avg_tetra_per_polyhedron": 3.0016362148895555, "min_tetra_per_polyhedron": 1, "max_tetra_per_polyhedron": 20, "avg_face_per_polyhedron": 8.003272429779111, "min_face_per_polyhedron": 4, "max_face_per_polyhedron": 42, "avg_polyhedron_volume_ratio": 0.9792594500772032, "min_polyhedron_volume_ratio": 2.4901002328284584e-09, "max_polyhedron_volume_ratio": 1.0000296531311548, "avg_polyhedron_area_ratio": 1.0031369605249398, "min_polyhedron_area_ratio": 0.8968494396788212, "max_polyhedron_area_ratio": 1.3193960936545792, "filename": "Files/polylla_poisson20000are1", "clean_name": "19986poissonare1"}