{"number": 20000, "n_points": 19986, "n_faces": 226099, "n_tetras": 110107, "n_edges": 135977, "distribution": "poisson", "union_method": "are1", "n_polyhedrons": 36670, "n_barrier_faces": 18240, "polyhedra_with_barriers": 9474, "n_tetra_left": 8932, "n_tetra_left_rate": 24.35778565584947, "polyhedra_with_barriers_rate": 25.835833106081264, "convex_rate": 95.87673847832015, "polyhedra_with_kernel": 99.18734660485411, "avg_edge_ratio": 0.2699194328859863, "min_edge_ratio": 8.157818455255443e-07, "max_edge_ratio": 0.7215904288085602, "avg_original_edge_ratio": 0.33360035830020507, "min_original_edge_ratio": 8.889333515940695e-07, "max_original_edge_ratio": 0.9536308117023563, "avg_tetra_per_polyhedron": 3.0016362148895555, "min_tetra_per_polyhedron": 1, "max_tetra_per_polyhedron": 20, "polyhedra_final_rate": 33.30396795844043, "avg_face_per_polyhedron": 8.003272429779111, "min_face_per_polyhedron": 4, "max_face_per_polyhedron": 42, "avg_polyhedron_volume_ratio": 0.9792594500772032, "min_polyhedron_volume_ratio": 2.4901002328284584e-09, "max_polyhedron_volume_ratio": 1.0000296531311548, "avg_polyhedron_area_ratio": 1.0031369605249398, "min_polyhedron_area_ratio": 0.8968494396788212, "max_polyhedron_area_ratio": 1.3193960936545792, "dt": 12.03601622581482, "filename": "Files/polylla_poisson20000are1", "clean_name": "19986poissonare1"}