{"number": 20000, "n_points": 19986, "n_faces": 226099, "n_tetras": 110107, "n_edges": 135977, "distribution": "poisson", "union_method": "r", "n_polyhedrons": 34000, "n_barrier_faces": 8994, "polyhedra_with_barriers": 6564, "n_tetra_left": 5705, "n_tetra_left_rate": 16.77941176470588, "polyhedra_with_barriers_rate": 19.305882352941175, "convex_rate": 91.70294117647059, "polyhedra_with_kernel": 98.38823529411765, "avg_edge_ratio": 0.2540080194386565, "min_edge_ratio": 7.004480784295717e-07, "max_edge_ratio": 0.7316272859251841, "avg_original_edge_ratio": 0.33360035830020507, "min_original_edge_ratio": 8.889333515940695e-07, "max_original_edge_ratio": 0.9536308117023563, "avg_tetra_per_polyhedron": 3.2383529411764704, "min_tetra_per_polyhedron": 1, "max_tetra_per_polyhedron": 21, "polyhedra_final_rate": 30.879054011098294, "avg_face_per_polyhedron": 8.476705882352942, "min_face_per_polyhedron": 4, "max_face_per_polyhedron": 44, "avg_polyhedron_volume_ratio": 0.9516203383200392, "min_polyhedron_volume_ratio": 8.999084491619513e-09, "max_polyhedron_volume_ratio": 1.0000181407911812, "avg_polyhedron_area_ratio": 0.9983058324242615, "min_polyhedron_area_ratio": 0.7986391069775305, "max_polyhedron_area_ratio": 1.315264841115316, "dt": 6.9771199226379395, "filename": "Files/polylla_poisson20000r", "clean_name": "19986poissonr"}