{"number": 20000, "n_points": 19986, "n_faces": 226099, "n_tetras": 110107, "n_edges": 135977, "distribution": "poisson", "union_method": "tra", "n_polyhedrons": 37454, "n_barrier_faces": 5209, "polyhedra_with_barriers": 4503, "n_tetra_left": 6292, "n_tetra_left_rate": 16.799273775831686, "polyhedra_with_barriers_rate": 12.02274790409569, "convex_rate": 91.75788967800503, "polyhedra_with_kernel": 98.31526672718535, "avg_edge_ratio": 0.24159244770216126, "min_edge_ratio": 7.004480784295717e-07, "max_edge_ratio": 0.6420353450931161, "avg_original_edge_ratio": 0.33360035830020507, "min_original_edge_ratio": 8.889333515940695e-07, "max_original_edge_ratio": 0.9536308117023563, "avg_tetra_per_polyhedron": 2.939792812516687, "min_tetra_per_polyhedron": 1, "max_tetra_per_polyhedron": 15, "polyhedra_final_rate": 34.01600261563751, "avg_face_per_polyhedron": 7.879585625033374, "min_face_per_polyhedron": 4, "max_face_per_polyhedron": 32, "avg_polyhedron_volume_ratio": 0.9500148782437333, "min_polyhedron_volume_ratio": 1.9778271022741166e-13, "max_polyhedron_volume_ratio": 1.0000307073349912, "avg_polyhedron_area_ratio": 0.9875756309566234, "min_polyhedron_area_ratio": 0.6735351742266827, "max_polyhedron_area_ratio": 1.294314427960893, "dt": 15.51768970489502, "filename": "Files/polylla_poisson20000tra", "clean_name": "19986poissontra"}