{"number": 20000, "distribution": "poisson", "union_method": "are2", "dt": 11.725299596786499, "n_points": 19986, "n_faces": 226099, "n_tetras": 110107, "n_edges": 135977, "n_polyhedrons": 34252, "n_barrier_faces": 8039, "polyhedra_with_barriers": 6119, "n_tetra_left": 5599, "convex_rate": 91.35524932850636, "polyhedra_with_kernel": 98.18988672194324, "avg_edge_ratio": 0.25123608891190524, "min_edge_ratio": 7.004480784295717e-07, "max_edge_ratio": 0.7316272859251841, "avg_tetra_per_polyhedron": 3.214294055821558, "min_tetra_per_polyhedron": 1, "max_tetra_per_polyhedron": 17, "avg_face_per_polyhedron": 8.428588111643116, "min_face_per_polyhedron": 4, "max_face_per_polyhedron": 36, "avg_polyhedron_volume_ratio": 0.949893476861959, "min_polyhedron_volume_ratio": 1.0861937836639956e-10, "max_polyhedron_volume_ratio": 1.0000174184024146, "avg_polyhedron_area_ratio": 0.9965296467099842, "min_polyhedron_area_ratio": 0.7652521187053022, "max_polyhedron_area_ratio": 1.315264841115316, "filename": "Files/polylla_poisson20000are2", "clean_name": "19986poissonare2"}