{"number": 20000, "n_points": 19986, "n_faces": 226099, "n_tetras": 110107, "n_edges": 135977, "distribution": "poisson", "union_method": "a", "n_polyhedrons": 36482, "n_barrier_faces": 17431, "polyhedra_with_barriers": 9336, "n_tetra_left": 8691, "n_tetra_left_rate": 23.82270708842717, "polyhedra_with_barriers_rate": 25.590702264130254, "convex_rate": 95.72665972260293, "polyhedra_with_kernel": 99.18589989583904, "avg_edge_ratio": 0.2694404101147301, "min_edge_ratio": 8.100981986712934e-07, "max_edge_ratio": 0.7215904288085602, "avg_original_edge_ratio": 0.33360035830020507, "min_original_edge_ratio": 8.889333515940695e-07, "max_original_edge_ratio": 0.9536308117023563, "avg_tetra_per_polyhedron": 3.0175977194232773, "min_tetra_per_polyhedron": 1, "max_tetra_per_polyhedron": 19, "polyhedra_final_rate": 33.13322495390847, "avg_face_per_polyhedron": 8.035195438846554, "min_face_per_polyhedron": 4, "max_face_per_polyhedron": 40, "avg_polyhedron_volume_ratio": 0.9780815470064931, "min_polyhedron_volume_ratio": 2.4901002328284584e-09, "max_polyhedron_volume_ratio": 1.0000296531311548, "avg_polyhedron_area_ratio": 1.0029851179988851, "min_polyhedron_area_ratio": 0.9070984724614065, "max_polyhedron_area_ratio": 1.3193960936545792, "dt": 11.065730094909668, "filename": "Files/polylla_poisson20000a", "clean_name": "19986poissona"}