{"number": 20000, "distribution": "poisson", "union_method": "r", "dt": 6.429026126861572, "n_points": 19986, "n_faces": 226099, "n_tetras": 110107, "n_edges": 135977, "n_polyhedrons": 34000, "n_barrier_faces": 8994, "polyhedra_with_barriers": 6564, "n_tetra_left": 5705, "convex_rate": 91.70294117647059, "polyhedra_with_kernel": 98.38823529411765, "avg_edge_ratio": 0.2540080194386565, "min_edge_ratio": 7.004480784295717e-07, "max_edge_ratio": 0.7316272859251841, "avg_tetra_per_polyhedron": 3.2383529411764704, "min_tetra_per_polyhedron": 1, "max_tetra_per_polyhedron": 21, "avg_face_per_polyhedron": 8.476705882352942, "min_face_per_polyhedron": 4, "max_face_per_polyhedron": 44, "avg_polyhedron_volume_ratio": 0.9516203383200392, "min_polyhedron_volume_ratio": 8.999084491619513e-09, "max_polyhedron_volume_ratio": 1.0000181407911812, "avg_polyhedron_area_ratio": 0.9983058324242615, "min_polyhedron_area_ratio": 0.7986391069775305, "max_polyhedron_area_ratio": 1.315264841115316, "filename": "Files/polylla_poisson20000r", "clean_name": "19986poissonr"}