{"number": 20000, "distribution": "poisson", "union_method": "a", "dt": 10.901977062225342, "n_points": 19986, "n_faces": 226099, "n_tetras": 110107, "n_edges": 135977, "n_polyhedrons": 36482, "n_barrier_faces": 17431, "polyhedra_with_barriers": 9336, "n_tetra_left": 8691, "convex_rate": 95.72665972260293, "polyhedra_with_kernel": 99.18589989583904, "avg_edge_ratio": 0.2694404101147301, "min_edge_ratio": 8.100981986712934e-07, "max_edge_ratio": 0.7215904288085602, "avg_tetra_per_polyhedron": 3.0175977194232773, "min_tetra_per_polyhedron": 1, "max_tetra_per_polyhedron": 19, "avg_face_per_polyhedron": 8.035195438846554, "min_face_per_polyhedron": 4, "max_face_per_polyhedron": 40, "avg_polyhedron_volume_ratio": 0.9780815470064931, "min_polyhedron_volume_ratio": 2.4901002328284584e-09, "max_polyhedron_volume_ratio": 1.0000296531311548, "avg_polyhedron_area_ratio": 1.0029851179988851, "min_polyhedron_area_ratio": 0.9070984724614065, "max_polyhedron_area_ratio": 1.3193960936545792, "filename": "Files/polylla_poisson20000a", "clean_name": "19986poissona"}