{"number": 20000, "n_points": 20013, "n_faces": 225829, "n_tetras": 110804, "n_edges": 135037, "distribution": "semiuniform", "union_method": "are2", "n_polyhedrons": 32794, "n_barrier_faces": 6424, "polyhedra_with_barriers": 4513, "n_tetra_left": 4265, "n_tetra_left_rate": 13.005427822162591, "polyhedra_with_barriers_rate": 13.761663718972983, "convex_rate": 84.67097639812161, "polyhedra_with_kernel": 95.64859425504666, "avg_edge_ratio": 0.39704968157753356, "min_edge_ratio": 0.12438465315045308, "max_edge_ratio": 0.8792706684502839, "avg_original_edge_ratio": 0.476961154384177, "min_original_edge_ratio": 0.13550827132349283, "max_original_edge_ratio": 0.9544553273362057, "avg_tetra_per_polyhedron": 3.3738183814112337, "min_tetra_per_polyhedron": 1, "max_tetra_per_polyhedron": 17, "polyhedra_final_rate": 29.596404461932785, "avg_face_per_polyhedron": 8.747636762822468, "min_face_per_polyhedron": 4, "max_face_per_polyhedron": 36, "avg_polyhedron_volume_ratio": 0.8965350234345055, "min_polyhedron_volume_ratio": 1.6673292484015544e-10, "max_polyhedron_volume_ratio": 1.0000113184458002, "avg_polyhedron_area_ratio": 0.970204732007738, "min_polyhedron_area_ratio": 0.6633643987556954, "max_polyhedron_area_ratio": 1.2919444531667308, "dt": 12.913311958312988, "filename": "Files/polylla_semiuniform20000are2", "clean_name": "20013semiuniformare2"}