{"number": 20000, "n_points": 20013, "n_faces": 225829, "n_tetras": 110804, "n_edges": 135037, "distribution": "semiuniform", "union_method": "tra", "n_polyhedrons": 36021, "n_barrier_faces": 5383, "polyhedra_with_barriers": 4486, "n_tetra_left": 5154, "n_tetra_left_rate": 14.30832014658116, "polyhedra_with_barriers_rate": 12.453846367396796, "convex_rate": 92.69315121734543, "polyhedra_with_kernel": 98.36206657227729, "avg_edge_ratio": 0.3559290385762279, "min_edge_ratio": 0.10711817648660245, "max_edge_ratio": 0.7541912793335125, "avg_original_edge_ratio": 0.476961154384177, "min_original_edge_ratio": 0.13550827132349283, "max_original_edge_ratio": 0.9544553273362057, "avg_tetra_per_polyhedron": 3.0760945004303046, "min_tetra_per_polyhedron": 1, "max_tetra_per_polyhedron": 16, "polyhedra_final_rate": 32.5087541965994, "avg_face_per_polyhedron": 8.15218900086061, "min_face_per_polyhedron": 4, "max_face_per_polyhedron": 34, "avg_polyhedron_volume_ratio": 0.9511760644923593, "min_polyhedron_volume_ratio": 9.637392657016753e-11, "max_polyhedron_volume_ratio": 1.0000091781708098, "avg_polyhedron_area_ratio": 0.986988375349132, "min_polyhedron_area_ratio": 0.7975505529409838, "max_polyhedron_area_ratio": 1.2330088934715226, "dt": 16.69003987312317, "filename": "Files/polylla_semiuniform20000tra", "clean_name": "20013semiuniformtra"}