{"number": 20000, "n_points": 20013, "n_faces": 225829, "n_tetras": 110804, "n_edges": 135037, "distribution": "semiuniform", "union_method": "r", "n_polyhedrons": 34797, "n_barrier_faces": 9411, "polyhedra_with_barriers": 6946, "n_tetra_left": 5876, "n_tetra_left_rate": 16.886513205161364, "polyhedra_with_barriers_rate": 19.96149093312642, "convex_rate": 94.82426645975228, "polyhedra_with_kernel": 98.85622323763543, "avg_edge_ratio": 0.36119588775757105, "min_edge_ratio": 0.1061721429515459, "max_edge_ratio": 0.784428741672122, "avg_original_edge_ratio": 0.476961154384177, "min_original_edge_ratio": 0.13550827132349283, "max_original_edge_ratio": 0.9544553273362057, "avg_tetra_per_polyhedron": 3.1842112825818316, "min_tetra_per_polyhedron": 1, "max_tetra_per_polyhedron": 18, "polyhedra_final_rate": 31.404100934984296, "avg_face_per_polyhedron": 8.368422565163664, "min_face_per_polyhedron": 4, "max_face_per_polyhedron": 38, "avg_polyhedron_volume_ratio": 0.9654332737335332, "min_polyhedron_volume_ratio": 1.0155645126981643e-08, "max_polyhedron_volume_ratio": 1, "avg_polyhedron_area_ratio": 0.9949484498366279, "min_polyhedron_area_ratio": 0.8501150557470266, "max_polyhedron_area_ratio": 1.2021039760561156, "dt": 7.426949977874756, "filename": "Files/polylla_semiuniform20000r", "clean_name": "20013semiuniformr"}