{"number": 20000, "n_points": 20013, "n_faces": 225829, "n_tetras": 110804, "n_edges": 135037, "distribution": "semiuniform", "union_method": "a", "n_polyhedrons": 36645, "n_barrier_faces": 14558, "polyhedra_with_barriers": 9264, "n_tetra_left": 7876, "n_tetra_left_rate": 21.492700231955247, "polyhedra_with_barriers_rate": 25.280392959476057, "convex_rate": 97.134670487106, "polyhedra_with_kernel": 99.2413699003957, "avg_edge_ratio": 0.37261419285672803, "min_edge_ratio": 0.09408726209226903, "max_edge_ratio": 0.8808572035304341, "avg_original_edge_ratio": 0.476961154384177, "min_original_edge_ratio": 0.13550827132349283, "max_original_edge_ratio": 0.9544553273362057, "avg_tetra_per_polyhedron": 3.0233865465957157, "min_tetra_per_polyhedron": 1, "max_tetra_per_polyhedron": 19, "polyhedra_final_rate": 33.071910761344355, "avg_face_per_polyhedron": 8.046773093191431, "min_face_per_polyhedron": 4, "max_face_per_polyhedron": 40, "avg_polyhedron_volume_ratio": 0.9815591018268187, "min_polyhedron_volume_ratio": 3.2662625945932965e-10, "max_polyhedron_volume_ratio": 1.000010821140556, "avg_polyhedron_area_ratio": 0.998317613415873, "min_polyhedron_area_ratio": 0.8630186811377792, "max_polyhedron_area_ratio": 1.2110804959359613, "dt": 11.95366621017456, "filename": "Files/polylla_semiuniform20000a", "clean_name": "20013semiuniforma"}