{"number": 20000, "n_points": 20013, "n_faces": 225829, "n_tetras": 110804, "n_edges": 135037, "distribution": "semiuniform", "union_method": "are1", "n_polyhedrons": 36871, "n_barrier_faces": 15034, "polyhedra_with_barriers": 9462, "n_tetra_left": 8095, "n_tetra_left_rate": 21.95492392395107, "polyhedra_with_barriers_rate": 25.662444739768382, "convex_rate": 97.3203872962491, "polyhedra_with_kernel": 99.28670228634971, "avg_edge_ratio": 0.3732291523336024, "min_edge_ratio": 0.09408726209226903, "max_edge_ratio": 0.8808572035304341, "avg_original_edge_ratio": 0.476961154384177, "min_original_edge_ratio": 0.13550827132349283, "max_original_edge_ratio": 0.9544553273362057, "avg_tetra_per_polyhedron": 3.0048547639065935, "min_tetra_per_polyhedron": 1, "max_tetra_per_polyhedron": 19, "polyhedra_final_rate": 33.27587451716544, "avg_face_per_polyhedron": 8.009709527813186, "min_face_per_polyhedron": 4, "max_face_per_polyhedron": 40, "avg_polyhedron_volume_ratio": 0.9827244211124074, "min_polyhedron_volume_ratio": 3.127532890290444e-08, "max_polyhedron_volume_ratio": 1, "avg_polyhedron_area_ratio": 0.9984516445867372, "min_polyhedron_area_ratio": 0.8630186811377792, "max_polyhedron_area_ratio": 1.2110804959359613, "dt": 14.164497375488281, "filename": "Files/polylla_semiuniform20000are1", "clean_name": "20013semiuniformare1"}