{"number": 20000, "n_points": 20013, "n_faces": 225829, "n_tetras": 110804, "n_edges": 135037, "distribution": "semiuniform", "union_method": "tra", "n_polyhedrons": 32790, "n_barrier_faces": 6436, "polyhedra_with_barriers": 4513, "n_tetra_left": 4259, "n_tetra_left_rate": 12.988716071973164, "polyhedra_with_barriers_rate": 13.763342482464166, "convex_rate": 84.70875266849649, "polyhedra_with_kernel": 95.66636169563891, "avg_edge_ratio": 0.3970582718367087, "min_edge_ratio": 0.12438465315045308, "max_edge_ratio": 0.8792706684502839, "avg_original_edge_ratio": 0.476961154384177, "min_original_edge_ratio": 0.13550827132349283, "max_original_edge_ratio": 0.9544553273362057, "avg_tetra_per_polyhedron": 3.3738639829216224, "min_tetra_per_polyhedron": 1, "max_tetra_per_polyhedron": 17, "polyhedra_final_rate": 29.59279448395365, "avg_face_per_polyhedron": 8.747727965843245, "min_face_per_polyhedron": 4, "max_face_per_polyhedron": 36, "avg_polyhedron_volume_ratio": 0.8967386922493923, "min_polyhedron_volume_ratio": 1.6673292484015544e-10, "max_polyhedron_volume_ratio": 1.0000113184458002, "avg_polyhedron_area_ratio": 0.9701981381981561, "min_polyhedron_area_ratio": 0.6633643987556954, "max_polyhedron_area_ratio": 1.2919444531667308, "dt": 18.62768292427063, "filename": "Files/polylla_semiuniform20000tra", "clean_name": "20013semiuniformtra"}