{"number": 20000, "n_points": 20013, "n_faces": 225829, "n_tetras": 110804, "n_edges": 135037, "distribution": "semiuniform", "union_method": "are2", "n_polyhedrons": 36753, "n_barrier_faces": 7480, "polyhedra_with_barriers": 6379, "n_tetra_left": 4854, "n_tetra_left_rate": 13.207085135907274, "polyhedra_with_barriers_rate": 17.356406279759476, "convex_rate": 94.02497755285283, "polyhedra_with_kernel": 98.71303022882486, "avg_edge_ratio": 0.4132514194096936, "min_edge_ratio": 0.12591547044435186, "max_edge_ratio": 0.8682176768575591, "avg_original_edge_ratio": 0.476961154384177, "min_original_edge_ratio": 0.13550827132349283, "max_original_edge_ratio": 0.9544553273362057, "avg_tetra_per_polyhedron": 3.0145838434957692, "min_tetra_per_polyhedron": 1, "max_tetra_per_polyhedron": 14, "polyhedra_final_rate": 33.16938016678098, "avg_face_per_polyhedron": 8.029167686991538, "min_face_per_polyhedron": 4, "max_face_per_polyhedron": 30, "avg_polyhedron_volume_ratio": 0.9594129579090258, "min_polyhedron_volume_ratio": 1.2742392972466274e-10, "max_polyhedron_volume_ratio": 1.0000286092889548, "avg_polyhedron_area_ratio": 0.9927373656737462, "min_polyhedron_area_ratio": 0.8382499858075322, "max_polyhedron_area_ratio": 1.2830036757267582, "dt": 12.307120561599731, "filename": "Files/polylla_semiuniform20000are2", "clean_name": "20013semiuniformare2"}