{"number": 20000, "n_points": 20013, "n_faces": 225829, "n_tetras": 110804, "n_edges": 135037, "distribution": "semiuniform", "union_method": "are2", "n_polyhedrons": 34725, "n_barrier_faces": 8280, "polyhedra_with_barriers": 6376, "n_tetra_left": 5577, "n_tetra_left_rate": 16.060475161987043, "polyhedra_with_barriers_rate": 18.36141108711303, "convex_rate": 94.02447804175667, "polyhedra_with_kernel": 98.62059035277177, "avg_edge_ratio": 0.3583595470123102, "min_edge_ratio": 0.1061721429515459, "max_edge_ratio": 0.784428741672122, "avg_original_edge_ratio": 0.476961154384177, "min_original_edge_ratio": 0.13550827132349283, "max_original_edge_ratio": 0.9544553273362057, "avg_tetra_per_polyhedron": 3.1908135349172064, "min_tetra_per_polyhedron": 1, "max_tetra_per_polyhedron": 17, "polyhedra_final_rate": 31.339121331359877, "avg_face_per_polyhedron": 8.381627069834414, "min_face_per_polyhedron": 4, "max_face_per_polyhedron": 36, "avg_polyhedron_volume_ratio": 0.9602590801493256, "min_polyhedron_volume_ratio": 1.0155645126981643e-08, "max_polyhedron_volume_ratio": 1, "avg_polyhedron_area_ratio": 0.9934100491540329, "min_polyhedron_area_ratio": 0.8353895945795248, "max_polyhedron_area_ratio": 1.2330088934715226, "dt": 14.032804727554321, "filename": "Files/polylla_semiuniform20000are2", "clean_name": "20013semiuniformare2"}