{"number": 20000, "n_points": 20013, "n_faces": 225829, "n_tetras": 110804, "n_edges": 135037, "distribution": "semiuniform", "union_method": "are1", "n_polyhedrons": 32872, "n_barrier_faces": 6505, "polyhedra_with_barriers": 4589, "n_tetra_left": 4340, "n_tetra_left_rate": 13.202725724020443, "polyhedra_with_barriers_rate": 13.960209296665854, "convex_rate": 84.70126551472377, "polyhedra_with_kernel": 95.293867120954, "avg_edge_ratio": 0.3938297511896209, "min_edge_ratio": 0.11640054140534162, "max_edge_ratio": 0.8792706684502839, "avg_original_edge_ratio": 0.476961154384177, "min_original_edge_ratio": 0.13550827132349283, "max_original_edge_ratio": 0.9544553273362057, "avg_tetra_per_polyhedron": 3.3680031637868093, "min_tetra_per_polyhedron": 1, "max_tetra_per_polyhedron": 21, "polyhedra_final_rate": 29.666799032525905, "avg_face_per_polyhedron": 8.73600632757362, "min_face_per_polyhedron": 4, "max_face_per_polyhedron": 44, "avg_polyhedron_volume_ratio": 0.9003983616127244, "min_polyhedron_volume_ratio": 7.816665263223023e-10, "max_polyhedron_volume_ratio": 1.0000113184458002, "avg_polyhedron_area_ratio": 0.9698748350961424, "min_polyhedron_area_ratio": 0.6687207300966403, "max_polyhedron_area_ratio": 1.3517799430614659, "dt": 12.207408428192139, "filename": "Files/polylla_semiuniform20000are1", "clean_name": "20013semiuniformare1"}