{"number": 30000, "n_points": 29791, "n_faces": 329400, "n_tetras": 162000, "n_edges": 197190, "distribution": "uniform", "union_method": "are1", "n_polyhedrons": 54780, "n_barrier_faces": 6023, "polyhedra_with_barriers": 6023, "n_tetra_left": 1639, "n_tetra_left_rate": 2.9919678714859437, "polyhedra_with_barriers_rate": 10.994888645491056, "convex_rate": 100.0, "polyhedra_with_kernel": 100.0, "avg_edge_ratio": 0.3333333333333332, "min_edge_ratio": 0.3333333333333318, "max_edge_ratio": 0.33333333333333337, "avg_original_edge_ratio": 0.3333333333333332, "min_original_edge_ratio": 0.3333333333333318, "max_original_edge_ratio": 0.33333333333333337, "avg_tetra_per_polyhedron": 2.946987951807229, "min_tetra_per_polyhedron": 1, "max_tetra_per_polyhedron": 5, "polyhedra_final_rate": 33.81481481481482, "avg_face_per_polyhedron": 7.893975903614458, "min_face_per_polyhedron": 4, "max_face_per_polyhedron": 12, "avg_polyhedron_volume_ratio": 1, "min_polyhedron_volume_ratio": 1, "max_polyhedron_volume_ratio": 1, "avg_polyhedron_area_ratio": 1.0042227131180528, "min_polyhedron_area_ratio": 0.9999999999999997, "max_polyhedron_area_ratio": 1.0690355937288494, "dt": 19.37593698501587, "filename": "Files/polylla_uniform30000are1", "clean_name": "29791uniformare1"}