{"number": 30000, "n_points": 29984, "n_faces": 363486, "n_tetras": 178397, "n_edges": 215072, "distribution": "random", "union_method": "are2", "n_polyhedrons": 53059, "n_barrier_faces": 15416, "polyhedra_with_barriers": 10798, "n_tetra_left": 9226, "n_tetra_left_rate": 17.38819050490963, "polyhedra_with_barriers_rate": 20.35093009668482, "convex_rate": 88.32054882300835, "polyhedra_with_kernel": 96.63205111291204, "avg_edge_ratio": 0.09570315682910824, "min_edge_ratio": 5.586738837841622e-11, "max_edge_ratio": 0.6530272205489729, "avg_original_edge_ratio": 0.20734191418415143, "min_original_edge_ratio": 5.586738837841622e-11, "max_original_edge_ratio": 0.8949304581420261, "avg_tetra_per_polyhedron": 3.359844701181703, "min_tetra_per_polyhedron": 1, "max_tetra_per_polyhedron": 24, "polyhedra_final_rate": 29.74209207553939, "avg_face_per_polyhedron": 8.719689402363407, "min_face_per_polyhedron": 4, "max_face_per_polyhedron": 50, "avg_polyhedron_volume_ratio": 0.9311917650485426, "min_polyhedron_volume_ratio": 6.938990634969751e-10, "max_polyhedron_volume_ratio": 1.000040428668276, "avg_polyhedron_area_ratio": 0.9923809384287429, "min_polyhedron_area_ratio": 0.3340421370537165, "max_polyhedron_area_ratio": 1.4978922313776328, "dt": 18.725982904434204, "filename": "Files/polylla_random30000are2", "clean_name": "29984randomare2"}