{"number": 30000, "distribution": "random", "union_method": "tra", "dt": 26.19955563545227, "n_points": 29984, "n_faces": 363486, "n_tetras": 178397, "n_edges": 215072, "n_polyhedrons": 56818, "n_barrier_faces": 10836, "polyhedra_with_barriers": 8709, "n_tetra_left": 8266, "convex_rate": 89.843007497624, "polyhedra_with_kernel": 98.18015417649336, "avg_edge_ratio": 0.09058225772094398, "min_edge_ratio": 5.586738837841622e-11, "max_edge_ratio": 0.5925577422431328, "avg_tetra_per_polyhedron": 3.1394980463937485, "min_tetra_per_polyhedron": 1, "max_tetra_per_polyhedron": 15, "avg_face_per_polyhedron": 8.278996092787496, "min_face_per_polyhedron": 4, "max_face_per_polyhedron": 32, "avg_polyhedron_volume_ratio": 0.936020292619356, "min_polyhedron_volume_ratio": 4.032419017619379e-10, "max_polyhedron_volume_ratio": 1.000040428668276, "avg_polyhedron_area_ratio": 0.9865377571135907, "min_polyhedron_area_ratio": 0.3340421370537165, "max_polyhedron_area_ratio": 1.3540459052991283, "filename": "Files/polylla_random30000tra", "clean_name": "29984randomtra"}