{"number": 30000, "n_points": 29984, "n_faces": 363486, "n_tetras": 178397, "n_edges": 215072, "distribution": "random", "union_method": "are1", "n_polyhedrons": 52830, "n_barrier_faces": 36027, "polyhedra_with_barriers": 13195, "n_tetra_left": 13595, "n_tetra_left_rate": 25.73348476244558, "polyhedra_with_barriers_rate": 24.976339201211434, "convex_rate": 92.83361726291879, "polyhedra_with_kernel": 97.6982774938482, "avg_edge_ratio": 0.09783038574227224, "min_edge_ratio": 5.586738837841622e-11, "max_edge_ratio": 0.6395395712181293, "avg_original_edge_ratio": 0.20734191418415143, "min_original_edge_ratio": 5.586738837841622e-11, "max_original_edge_ratio": 0.8949304581420261, "avg_tetra_per_polyhedron": 3.3674995267840244, "min_tetra_per_polyhedron": 1, "max_tetra_per_polyhedron": 33, "polyhedra_final_rate": 29.613726688229065, "avg_face_per_polyhedron": 8.734999053568048, "min_face_per_polyhedron": 4, "max_face_per_polyhedron": 68, "avg_polyhedron_volume_ratio": 0.9624820869435662, "min_polyhedron_volume_ratio": 1.327699462199152e-09, "max_polyhedron_volume_ratio": 1.000035765231744, "avg_polyhedron_area_ratio": 1.0047346298186048, "min_polyhedron_area_ratio": 0.9177340065816955, "max_polyhedron_area_ratio": 1.3298416694299422, "dt": 18.795936822891235, "filename": "Files/polylla_random30000are1", "clean_name": "29984randomare1"}