{"number": 30000, "distribution": "random", "union_method": "a", "dt": 23.326462984085083, "n_points": 29984, "n_faces": 363486, "n_tetras": 178397, "n_edges": 215072, "n_polyhedrons": 52603, "n_barrier_faces": 34043, "polyhedra_with_barriers": 13137, "n_tetra_left": 13100, "convex_rate": 0.9268862992604985, "polyhedra_with_kernel": 97.74157367450526, "avg_edge_ratio": 0.0973842160985594, "min_edge_ratio": 5.586738837841622e-11, "max_edge_ratio": 0.6395996224290822, "avg_tetra_per_polyhedron": 3.3853582495294945, "min_tetra_per_polyhedron": 1, "max_tetra_per_polyhedron": 33, "avg_face_per_polyhedron": 8.77071649905899, "min_face_per_polyhedron": 4, "max_face_per_polyhedron": 68, "avg_polyhedron_volume_ratio": 0.9607303003082376, "min_polyhedron_volume_ratio": 1.5449220681188362e-08, "max_polyhedron_volume_ratio": 1.000035765231744, "avg_polyhedron_area_ratio": 1.004631773600164, "min_polyhedron_area_ratio": 0.9188818105590488, "max_polyhedron_area_ratio": 1.3298416694299422, "filename": "Files/polylla_random30000a", "clean_name": "29984randoma"}