{"number": 30000, "distribution": "random", "union_method": "r", "dt": 11.68913745880127, "n_points": 29984, "n_faces": 363486, "n_tetras": 178397, "n_edges": 215072, "n_polyhedrons": 51961, "n_barrier_faces": 16897, "polyhedra_with_barriers": 11087, "n_tetra_left": 9487, "convex_rate": 88.14880391062528, "polyhedra_with_kernel": 96.31069455938108, "avg_edge_ratio": 0.09569728983468015, "min_edge_ratio": 5.586738837841622e-11, "max_edge_ratio": 0.6530272205489729, "avg_tetra_per_polyhedron": 3.4280518080868343, "min_tetra_per_polyhedron": 1, "max_tetra_per_polyhedron": 26, "avg_face_per_polyhedron": 8.85610361617367, "min_face_per_polyhedron": 4, "max_face_per_polyhedron": 54, "avg_polyhedron_volume_ratio": 0.9317381744179528, "min_polyhedron_volume_ratio": 6.938990634969751e-10, "max_polyhedron_volume_ratio": 1.00003612178583, "avg_polyhedron_area_ratio": 0.9941160060837596, "min_polyhedron_area_ratio": 0.3340421370537165, "max_polyhedron_area_ratio": 1.4978922313776328, "filename": "Files/polylla_random30000r", "clean_name": "29984randomr"}