{"number": 30000, "n_points": 30030, "n_faces": 349542, "n_tetras": 171100, "n_edges": 208471, "distribution": "poisson", "union_method": "tra", "n_polyhedrons": 57686, "n_barrier_faces": 8328, "polyhedra_with_barriers": 7191, "n_tetra_left": 8913, "n_tetra_left_rate": 15.45088929722983, "polyhedra_with_barriers_rate": 12.46576292341296, "convex_rate": 92.27195506708733, "polyhedra_with_kernel": 98.32368338938392, "avg_edge_ratio": 0.255536173636779, "min_edge_ratio": 3.912303391608475e-06, "max_edge_ratio": 0.6360963826666018, "avg_original_edge_ratio": 0.3476634987408138, "min_original_edge_ratio": 5.215368609341999e-06, "max_original_edge_ratio": 0.9273478871413517, "avg_tetra_per_polyhedron": 2.9660576223000383, "min_tetra_per_polyhedron": 1, "max_tetra_per_polyhedron": 14, "polyhedra_final_rate": 33.71478667445938, "avg_face_per_polyhedron": 7.932115244600077, "min_face_per_polyhedron": 4, "max_face_per_polyhedron": 30, "avg_polyhedron_volume_ratio": 0.9524747545938294, "min_polyhedron_volume_ratio": 3.0942070059211074e-09, "max_polyhedron_volume_ratio": 1.000052874465142, "avg_polyhedron_area_ratio": 0.9871873049906051, "min_polyhedron_area_ratio": 0.6907536523827424, "max_polyhedron_area_ratio": 1.2934975468911394, "dt": 26.972883462905884, "filename": "Files/polylla_poisson30000tra", "clean_name": "30030poissontra"}