{"number": 30000, "distribution": "poisson", "union_method": "r", "dt": 10.117227792739868, "n_points": 30030, "n_faces": 349542, "n_tetras": 171100, "n_edges": 208471, "n_polyhedrons": 53093, "n_barrier_faces": 14311, "polyhedra_with_barriers": 10606, "n_tetra_left": 8797, "convex_rate": 92.60542821087525, "polyhedra_with_kernel": 98.48190910289492, "avg_edge_ratio": 0.26662148269186065, "min_edge_ratio": 3.912303391608475e-06, "max_edge_ratio": 0.7485538190536553, "avg_tetra_per_polyhedron": 3.222100841918897, "min_tetra_per_polyhedron": 1, "max_tetra_per_polyhedron": 19, "avg_face_per_polyhedron": 8.444201683837795, "min_face_per_polyhedron": 4, "max_face_per_polyhedron": 40, "avg_polyhedron_volume_ratio": 0.9564302587644142, "min_polyhedron_volume_ratio": 2.7503970887980558e-08, "max_polyhedron_volume_ratio": 1.000023397528377, "avg_polyhedron_area_ratio": 0.9980624266796085, "min_polyhedron_area_ratio": 0.7584153612498375, "max_polyhedron_area_ratio": 1.3002641251698581, "filename": "Files/polylla_poisson30000r", "clean_name": "30030poissonr"}