{"number": 30000, "n_points": 30030, "n_faces": 349542, "n_tetras": 171100, "n_edges": 208471, "distribution": "poisson", "union_method": "a", "n_polyhedrons": 57325, "n_barrier_faces": 27227, "polyhedra_with_barriers": 14939, "n_tetra_left": 13965, "n_tetra_left_rate": 24.36109899694723, "polyhedra_with_barriers_rate": 26.060183166157874, "convex_rate": 96.51635412123855, "polyhedra_with_kernel": 99.30047972088967, "avg_edge_ratio": 0.2807789910625347, "min_edge_ratio": 3.912303391608475e-06, "max_edge_ratio": 0.7485538190536553, "avg_original_edge_ratio": 0.3476634987408138, "min_original_edge_ratio": 5.215368609341999e-06, "max_original_edge_ratio": 0.9273478871413517, "avg_tetra_per_polyhedron": 2.9844395987788923, "min_tetra_per_polyhedron": 1, "max_tetra_per_polyhedron": 22, "polyhedra_final_rate": 33.50379894798364, "avg_face_per_polyhedron": 7.968879197557785, "min_face_per_polyhedron": 4, "max_face_per_polyhedron": 46, "avg_polyhedron_volume_ratio": 0.9810391875264205, "min_polyhedron_volume_ratio": 6.873130982474405e-08, "max_polyhedron_volume_ratio": 1.000026783531484, "avg_polyhedron_area_ratio": 1.0025376783084115, "min_polyhedron_area_ratio": 0.9127175314213121, "max_polyhedron_area_ratio": 1.2642729997566737, "dt": 19.309118032455444, "filename": "Files/polylla_poisson30000a", "clean_name": "30030poissona"}