{"number": 30000, "n_points": 30030, "n_faces": 342409, "n_tetras": 168393, "n_edges": 204045, "distribution": "semiuniform", "union_method": "are2", "n_polyhedrons": 55547, "n_barrier_faces": 11492, "polyhedra_with_barriers": 9710, "n_tetra_left": 7288, "n_tetra_left_rate": 13.120420544763894, "polyhedra_with_barriers_rate": 17.480692026572093, "convex_rate": 93.8106468396133, "polyhedra_with_kernel": 98.62638846382343, "avg_edge_ratio": 0.4167722866763721, "min_edge_ratio": 0.11394542529693141, "max_edge_ratio": 0.9216609238860541, "avg_original_edge_ratio": 0.4797776380033541, "min_original_edge_ratio": 0.12947324259560167, "max_original_edge_ratio": 0.9559273199681525, "avg_tetra_per_polyhedron": 3.030802743622518, "min_tetra_per_polyhedron": 1, "max_tetra_per_polyhedron": 15, "polyhedra_final_rate": 32.98652556816495, "avg_face_per_polyhedron": 8.061605487245036, "min_face_per_polyhedron": 4, "max_face_per_polyhedron": 32, "avg_polyhedron_volume_ratio": 0.9578777564978445, "min_polyhedron_volume_ratio": 3.0996879072781e-09, "max_polyhedron_volume_ratio": 1, "avg_polyhedron_area_ratio": 0.9924756585790575, "min_polyhedron_area_ratio": 0.8026077358532149, "max_polyhedron_area_ratio": 1.2605091525444037, "dt": 16.503740549087524, "filename": "Files/polylla_semiuniform30000are2", "clean_name": "30030semiuniformare2"}