{"number": 30000, "n_points": 30030, "n_faces": 342409, "n_tetras": 168393, "n_edges": 204045, "distribution": "semiuniform", "union_method": "tra", "n_polyhedrons": 54581, "n_barrier_faces": 8156, "polyhedra_with_barriers": 6840, "n_tetra_left": 7616, "n_tetra_left_rate": 13.953573587878566, "polyhedra_with_barriers_rate": 12.531833421886738, "convex_rate": 92.70991737051355, "polyhedra_with_kernel": 98.34374599219508, "avg_edge_ratio": 0.35947604126187366, "min_edge_ratio": 0.10038795804357871, "max_edge_ratio": 0.7486869418248481, "avg_original_edge_ratio": 0.4797776380033541, "min_original_edge_ratio": 0.12947324259560167, "max_original_edge_ratio": 0.9559273199681525, "avg_tetra_per_polyhedron": 3.085066231838918, "min_tetra_per_polyhedron": 1, "max_tetra_per_polyhedron": 19, "polyhedra_final_rate": 32.41286751824601, "avg_face_per_polyhedron": 8.170132463677836, "min_face_per_polyhedron": 4, "max_face_per_polyhedron": 40, "avg_polyhedron_volume_ratio": 0.9508761295247605, "min_polyhedron_volume_ratio": 4.352440171805649e-11, "max_polyhedron_volume_ratio": 1.0000152020511233, "avg_polyhedron_area_ratio": 0.9868302176783076, "min_polyhedron_area_ratio": 0.7761607671003651, "max_polyhedron_area_ratio": 1.3603772261687028, "dt": 29.67539954185486, "filename": "Files/polylla_semiuniform30000tra", "clean_name": "30030semiuniformtra"}