{"number": 30000, "n_points": 30030, "n_faces": 342409, "n_tetras": 168393, "n_edges": 204045, "distribution": "semiuniform", "union_method": "are2", "n_polyhedrons": 52782, "n_barrier_faces": 12922, "polyhedra_with_barriers": 9771, "n_tetra_left": 8478, "n_tetra_left_rate": 16.062293963851314, "polyhedra_with_barriers_rate": 18.51199272479254, "convex_rate": 94.02637262703195, "polyhedra_with_kernel": 98.53169641165549, "avg_edge_ratio": 0.36185830513752293, "min_edge_ratio": 0.08789425477483974, "max_edge_ratio": 0.8587046344762427, "avg_original_edge_ratio": 0.4797776380033541, "min_original_edge_ratio": 0.12947324259560167, "max_original_edge_ratio": 0.9559273199681525, "avg_tetra_per_polyhedron": 3.1903300367549545, "min_tetra_per_polyhedron": 1, "max_tetra_per_polyhedron": 21, "polyhedra_final_rate": 31.34453332383175, "avg_face_per_polyhedron": 8.380660073509908, "min_face_per_polyhedron": 4, "max_face_per_polyhedron": 44, "avg_polyhedron_volume_ratio": 0.9609446675342123, "min_polyhedron_volume_ratio": 5.707554156226275e-11, "max_polyhedron_volume_ratio": 1, "avg_polyhedron_area_ratio": 0.9932647086719488, "min_polyhedron_area_ratio": 0.8195316778274334, "max_polyhedron_area_ratio": 1.3603772261687028, "dt": 20.88785696029663, "filename": "Files/polylla_semiuniform30000are2", "clean_name": "30030semiuniformare2"}