{"number": 30000, "distribution": "semiuniform", "union_method": "a", "dt": 16.009860277175903, "n_points": 30030, "n_faces": 342409, "n_tetras": 168393, "n_edges": 204045, "n_polyhedrons": 55635, "n_barrier_faces": 22401, "polyhedra_with_barriers": 14274, "n_tetra_left": 11899, "convex_rate": 97.10074593331535, "polyhedra_with_kernel": 99.24867439561427, "avg_edge_ratio": 0.37574303380857677, "min_edge_ratio": 0.08734749751823379, "max_edge_ratio": 0.8631948888523382, "avg_tetra_per_polyhedron": 3.0265120877145684, "min_tetra_per_polyhedron": 1, "max_tetra_per_polyhedron": 20, "avg_face_per_polyhedron": 8.053024175429137, "min_face_per_polyhedron": 4, "max_face_per_polyhedron": 42, "avg_polyhedron_volume_ratio": 0.9809796870422429, "min_polyhedron_volume_ratio": 1.168368956121347e-08, "max_polyhedron_volume_ratio": 1.0000186752136317, "avg_polyhedron_area_ratio": 0.9982134706667033, "min_polyhedron_area_ratio": 0.8681314220146474, "max_polyhedron_area_ratio": 1.2202889762549818, "filename": "Files/polylla_semiuniform30000a", "clean_name": "30030semiuniforma"}