{"number": 30000, "distribution": "poisson", "union_method": "are2", "dt": 16.971616983413696, "n_points": 30030, "n_faces": 349542, "n_tetras": 171100, "n_edges": 208471, "n_polyhedrons": 53502, "n_barrier_faces": 12690, "polyhedra_with_barriers": 9810, "n_tetra_left": 8458, "convex_rate": 92.1872079548428, "polyhedra_with_kernel": 98.31781989458338, "avg_edge_ratio": 0.26385451200426974, "min_edge_ratio": 3.912303391608475e-06, "max_edge_ratio": 0.7485538190536553, "avg_tetra_per_polyhedron": 3.1977122350566334, "min_tetra_per_polyhedron": 1, "max_tetra_per_polyhedron": 18, "avg_face_per_polyhedron": 8.395424470113268, "min_face_per_polyhedron": 4, "max_face_per_polyhedron": 38, "avg_polyhedron_volume_ratio": 0.9540469411381398, "min_polyhedron_volume_ratio": 5.6236929308645736e-11, "max_polyhedron_volume_ratio": 1.0000292465787621, "avg_polyhedron_area_ratio": 0.9961147733404245, "min_polyhedron_area_ratio": 0.7693734483458544, "max_polyhedron_area_ratio": 1.277230782388707, "filename": "Files/polylla_poisson30000are2", "clean_name": "30030poissonare2"}