{"number": 30000, "n_points": 30030, "n_faces": 342409, "n_tetras": 168393, "n_edges": 204045, "distribution": "semiuniform", "union_method": "r", "n_polyhedrons": 52844, "n_barrier_faces": 14605, "polyhedra_with_barriers": 10637, "n_tetra_left": 8818, "n_tetra_left_rate": 16.68685186586935, "polyhedra_with_barriers_rate": 20.129059117402164, "convex_rate": 94.939822874877, "polyhedra_with_kernel": 98.8059193096662, "avg_edge_ratio": 0.3645790892890047, "min_edge_ratio": 0.08789425477483974, "max_edge_ratio": 0.8587046344762427, "avg_original_edge_ratio": 0.4797776380033541, "min_original_edge_ratio": 0.12947324259560167, "max_original_edge_ratio": 0.9559273199681525, "avg_tetra_per_polyhedron": 3.1862084626447658, "min_tetra_per_polyhedron": 1, "max_tetra_per_polyhedron": 19, "polyhedra_final_rate": 31.381351956435243, "avg_face_per_polyhedron": 8.372416925289532, "min_face_per_polyhedron": 4, "max_face_per_polyhedron": 40, "avg_polyhedron_volume_ratio": 0.9665411923620224, "min_polyhedron_volume_ratio": 3.9148799145277304e-11, "max_polyhedron_volume_ratio": 1, "avg_polyhedron_area_ratio": 0.9948801161245187, "min_polyhedron_area_ratio": 0.831516356028955, "max_polyhedron_area_ratio": 1.2733206202121599, "dt": 11.539050102233887, "filename": "Files/polylla_semiuniform30000r", "clean_name": "30030semiuniformr"}