{"number": 30000, "n_points": 30030, "n_faces": 342409, "n_tetras": 168393, "n_edges": 204045, "distribution": "semiuniform", "union_method": "are1", "n_polyhedrons": 49560, "n_barrier_faces": 9864, "polyhedra_with_barriers": 6973, "n_tetra_left": 6291, "n_tetra_left_rate": 12.693704600484262, "polyhedra_with_barriers_rate": 14.069814366424534, "convex_rate": 84.52986279257466, "polyhedra_with_kernel": 95.49435028248587, "avg_edge_ratio": 0.4000184079930299, "min_edge_ratio": 0.0932937319167972, "max_edge_ratio": 0.8847841890816756, "avg_original_edge_ratio": 0.4797776380033541, "min_original_edge_ratio": 0.12947324259560167, "max_original_edge_ratio": 0.9559273199681525, "avg_tetra_per_polyhedron": 3.393543179983858, "min_tetra_per_polyhedron": 1, "max_tetra_per_polyhedron": 21, "polyhedra_final_rate": 29.431152126276032, "avg_face_per_polyhedron": 8.787086359967716, "min_face_per_polyhedron": 4, "max_face_per_polyhedron": 44, "avg_polyhedron_volume_ratio": 0.8965943810242275, "min_polyhedron_volume_ratio": 5.791326768868804e-10, "max_polyhedron_volume_ratio": 1.0000090487517936, "avg_polyhedron_area_ratio": 0.9697344276199016, "min_polyhedron_area_ratio": 0.7314446738282734, "max_polyhedron_area_ratio": 1.247641918237021, "dt": 21.78317904472351, "filename": "Files/polylla_semiuniform30000are1", "clean_name": "30030semiuniformare1"}