{"number": 30000, "n_points": 30030, "n_faces": 342409, "n_tetras": 168393, "n_edges": 204045, "distribution": "semiuniform", "union_method": "are1", "n_polyhedrons": 49534, "n_barrier_faces": 10014, "polyhedra_with_barriers": 6984, "n_tetra_left": 6534, "n_tetra_left_rate": 13.190939556668146, "polyhedra_with_barriers_rate": 14.099406468284412, "convex_rate": 84.25122138329229, "polyhedra_with_kernel": 95.04582710865265, "avg_edge_ratio": 0.39609478169019313, "min_edge_ratio": 0.08054606974664255, "max_edge_ratio": 0.8847841890816756, "avg_original_edge_ratio": 0.4797776380033541, "min_original_edge_ratio": 0.12947324259560167, "max_original_edge_ratio": 0.9559273199681525, "avg_tetra_per_polyhedron": 3.397302862680179, "min_tetra_per_polyhedron": 1, "max_tetra_per_polyhedron": 17, "polyhedra_final_rate": 29.415712054539085, "avg_face_per_polyhedron": 8.79460572536036, "min_face_per_polyhedron": 4, "max_face_per_polyhedron": 36, "avg_polyhedron_volume_ratio": 0.8980409849020347, "min_polyhedron_volume_ratio": 1.0932030406234854e-10, "max_polyhedron_volume_ratio": 1.0000090487517936, "avg_polyhedron_area_ratio": 0.9691197031367482, "min_polyhedron_area_ratio": 0.7420752729982955, "max_polyhedron_area_ratio": 1.2774164408447612, "dt": 16.309736013412476, "filename": "Files/polylla_semiuniform30000are1", "clean_name": "30030semiuniformare1"}