{"number": 30000, "distribution": "poisson", "union_method": "are1", "dt": 17.09242010116577, "n_points": 30030, "n_faces": 349542, "n_tetras": 171100, "n_edges": 208471, "n_polyhedrons": 57678, "n_barrier_faces": 28661, "polyhedra_with_barriers": 15210, "n_tetra_left": 14456, "convex_rate": 96.66770692465064, "polyhedra_with_kernel": 99.30302715073339, "avg_edge_ratio": 0.28136337776613574, "min_edge_ratio": 3.660416245815247e-06, "max_edge_ratio": 0.7485538190536553, "avg_tetra_per_polyhedron": 2.965879538125455, "min_tetra_per_polyhedron": 1, "max_tetra_per_polyhedron": 21, "avg_face_per_polyhedron": 7.93175907625091, "min_face_per_polyhedron": 4, "max_face_per_polyhedron": 44, "avg_polyhedron_volume_ratio": 0.9820530690587556, "min_polyhedron_volume_ratio": 6.873130982474405e-08, "max_polyhedron_volume_ratio": 1.000026783531484, "avg_polyhedron_area_ratio": 1.002726070233103, "min_polyhedron_area_ratio": 0.9082477044405359, "max_polyhedron_area_ratio": 1.4701101250505784, "filename": "Files/polylla_poisson30000are1", "clean_name": "30030poissonare1"}