{"number": 30000, "n_points": 30030, "n_faces": 342409, "n_tetras": 168393, "n_edges": 204045, "distribution": "semiuniform", "union_method": "are2", "n_polyhedrons": 49561, "n_barrier_faces": 9864, "polyhedra_with_barriers": 6975, "n_tetra_left": 6293, "n_tetra_left_rate": 12.69748390871855, "polyhedra_with_barriers_rate": 14.073565908678196, "convex_rate": 84.53017493593752, "polyhedra_with_kernel": 95.49040576259559, "avg_edge_ratio": 0.4000111615565074, "min_edge_ratio": 0.0932937319167972, "max_edge_ratio": 0.8847841890816756, "avg_original_edge_ratio": 0.4797776380033541, "min_original_edge_ratio": 0.12947324259560167, "max_original_edge_ratio": 0.9559273199681525, "avg_tetra_per_polyhedron": 3.3934747079356753, "min_tetra_per_polyhedron": 1, "max_tetra_per_polyhedron": 21, "polyhedra_final_rate": 29.431745975188996, "avg_face_per_polyhedron": 8.78694941587135, "min_face_per_polyhedron": 4, "max_face_per_polyhedron": 44, "avg_polyhedron_volume_ratio": 0.8966297316430365, "min_polyhedron_volume_ratio": 5.791326768868804e-10, "max_polyhedron_volume_ratio": 1.0000090487517936, "avg_polyhedron_area_ratio": 0.969739953169789, "min_polyhedron_area_ratio": 0.7314446738282734, "max_polyhedron_area_ratio": 1.247641918237021, "dt": 22.763350248336792, "filename": "Files/polylla_semiuniform30000are2", "clean_name": "30030semiuniformare2"}