{"number": 30000, "n_points": 30030, "n_faces": 342409, "n_tetras": 168393, "n_edges": 204045, "distribution": "semiuniform", "union_method": "tra", "n_polyhedrons": 49565, "n_barrier_faces": 9867, "polyhedra_with_barriers": 6976, "n_tetra_left": 6283, "n_tetra_left_rate": 12.676283667910823, "polyhedra_with_barriers_rate": 14.074447694946029, "convex_rate": 84.52940583072733, "polyhedra_with_kernel": 95.50489256531827, "avg_edge_ratio": 0.4000446101783658, "min_edge_ratio": 0.0932937319167972, "max_edge_ratio": 0.8847841890816756, "avg_original_edge_ratio": 0.4797776380033541, "min_original_edge_ratio": 0.12947324259560167, "max_original_edge_ratio": 0.9559273199681525, "avg_tetra_per_polyhedron": 3.3932210228992234, "min_tetra_per_polyhedron": 1, "max_tetra_per_polyhedron": 21, "polyhedra_final_rate": 29.43412137084083, "avg_face_per_polyhedron": 8.786442045798447, "min_face_per_polyhedron": 4, "max_face_per_polyhedron": 44, "avg_polyhedron_volume_ratio": 0.8964879508385101, "min_polyhedron_volume_ratio": 5.791326768868804e-10, "max_polyhedron_volume_ratio": 1.0000090487517936, "avg_polyhedron_area_ratio": 0.9697300829205122, "min_polyhedron_area_ratio": 0.7314446738282734, "max_polyhedron_area_ratio": 1.247641918237021, "dt": 31.426703929901123, "filename": "Files/polylla_semiuniform30000tra", "clean_name": "30030semiuniformtra"}