{"number": 30000, "n_points": 30030, "n_faces": 342409, "n_tetras": 168393, "n_edges": 204045, "distribution": "semiuniform", "union_method": "are1", "n_polyhedrons": 56008, "n_barrier_faces": 23217, "polyhedra_with_barriers": 14565, "n_tetra_left": 12275, "n_tetra_left_rate": 21.916511926867592, "polyhedra_with_barriers_rate": 26.00521354092273, "convex_rate": 97.19147264676474, "polyhedra_with_kernel": 99.2804599342951, "avg_edge_ratio": 0.376572075907301, "min_edge_ratio": 0.08734749751823379, "max_edge_ratio": 0.8631948888523382, "median_edge_ratio": 0.3729724548799829, "variance_edge_ratio": 0.0074524336027970055, "avg_original_edge_ratio": 0.4797776380033541, "min_original_edge_ratio": 0.12947324259560167, "max_original_edge_ratio": 0.9559273199681525, "avg_tetra_per_polyhedron": 3.0063205256391945, "min_tetra_per_polyhedron": 1, "max_tetra_per_polyhedron": 20, "median_tetra_per_polyhedron": 3.0, "variance_tetra_per_polyhedron": 3.4444223495977955, "polyhedra_final_rate": 33.26028991703931, "avg_face_per_polyhedron": 8.012641051278388, "min_face_per_polyhedron": 4, "max_face_per_polyhedron": 42, "median_face_per_polyhedron": 8.0, "variance_face_per_polyhedron": 13.777689398391182, "avg_polyhedron_volume_ratio": 0.9814469626622545, "min_polyhedron_volume_ratio": 6.879292873596157e-09, "max_polyhedron_volume_ratio": 1.0000186752136317, "median_polyhedron_volume_ration": 1, "variance_polyhedron_volume_ration": 0.016460347459861413, "avg_polyhedron_area_ratio": 0.9983662053499371, "min_polyhedron_area_ratio": 0.8681314220146474, "max_polyhedron_area_ratio": 1.2202889762549818, "median_polyhedron_area_ratio": 0.9999999999999999, "variance_polyhedron_area_ratio": 0.00016784964531658204, "dt": 24.092199563980103, "filename": "Files/polylla_semiuniform30000are1", "clean_name": "30030semiuniformare1"}