{"number": 40000, "n_points": 39304, "n_faces": 437778, "n_tetras": 215622, "n_edges": 261459, "distribution": "uniform", "union_method": "a", "n_polyhedrons": 72099, "n_barrier_faces": 2663, "polyhedra_with_barriers": 2663, "n_tetra_left": 725, "n_tetra_left_rate": 1.005561796973606, "polyhedra_with_barriers_rate": 3.693532503918224, "convex_rate": 100.0, "polyhedra_with_kernel": 100.0, "avg_edge_ratio": 0.3333333333333328, "min_edge_ratio": 0.3333333333333317, "max_edge_ratio": 0.33333333333333337, "avg_original_edge_ratio": 0.3333333333333328, "min_original_edge_ratio": 0.3333333333333317, "max_original_edge_ratio": 0.33333333333333337, "avg_tetra_per_polyhedron": 2.988807056963342, "min_tetra_per_polyhedron": 1, "max_tetra_per_polyhedron": 5, "polyhedra_final_rate": 33.43768261123633, "avg_face_per_polyhedron": 7.977614113926684, "min_face_per_polyhedron": 4, "max_face_per_polyhedron": 12, "avg_polyhedron_volume_ratio": 1, "min_polyhedron_volume_ratio": 1, "max_polyhedron_volume_ratio": 1, "avg_polyhedron_area_ratio": 1.0021183482427816, "min_polyhedron_area_ratio": 0.9999999999999998, "max_polyhedron_area_ratio": 1.0690355937288494, "dt": 23.74263048171997, "filename": "Files/polylla_uniform40000a", "clean_name": "39304uniforma"}