{"number": 40000, "distribution": "uniform", "union_method": "r", "dt": 11.56543779373169, "n_points": 39304, "n_faces": 437778, "n_tetras": 215622, "n_edges": 261459, "n_polyhedrons": 96278, "n_barrier_faces": 2289, "polyhedra_with_barriers": 2103, "n_tetra_left": 1998, "convex_rate": 98.18442427138079, "polyhedra_with_kernel": 99.63854670849, "avg_edge_ratio": 0.33333333333333276, "min_edge_ratio": 0.3333333333333309, "max_edge_ratio": 0.33333333333333337, "avg_tetra_per_polyhedron": 2.239577058102578, "min_tetra_per_polyhedron": 1, "max_tetra_per_polyhedron": 11, "avg_face_per_polyhedron": 6.479154116205156, "min_face_per_polyhedron": 4, "max_face_per_polyhedron": 24, "avg_polyhedron_volume_ratio": 0.993519904246107, "min_polyhedron_volume_ratio": 0.1111107353399997, "max_polyhedron_volume_ratio": 1.0000278832499976, "avg_polyhedron_area_ratio": 0.9986817180187286, "min_polyhedron_area_ratio": 0.8518088652955648, "max_polyhedron_area_ratio": 1.1907435698305462, "filename": "Files/polylla_uniform40000r", "clean_name": "39304uniformr"}