{"number": 40000, "distribution": "poisson", "union_method": "are1", "dt": 21.3542001247406, "n_points": 39954, "n_faces": 478327, "n_tetras": 235333, "n_edges": 282947, "n_polyhedrons": 80143, "n_barrier_faces": 39868, "polyhedra_with_barriers": 21462, "n_tetra_left": 20232, "convex_rate": 97.52941616859863, "polyhedra_with_kernel": 99.37361965486693, "avg_edge_ratio": 0.29646894206911345, "min_edge_ratio": 3.394285806828475e-06, "max_edge_ratio": 0.7639923052838529, "avg_tetra_per_polyhedron": 2.93600189660981, "min_tetra_per_polyhedron": 1, "max_tetra_per_polyhedron": 21, "avg_face_per_polyhedron": 7.87200379321962, "min_face_per_polyhedron": 4, "max_face_per_polyhedron": 44, "avg_polyhedron_volume_ratio": 0.985965982011429, "min_polyhedron_volume_ratio": 1.1223540733590016e-10, "max_polyhedron_volume_ratio": 1.000027236005045, "avg_polyhedron_area_ratio": 1.0023256019305897, "min_polyhedron_area_ratio": 0.904148843629549, "max_polyhedron_area_ratio": 1.2835135711826364, "filename": "Files/polylla_poisson40000are1", "clean_name": "39954poissonare1"}