{"number": 40000, "n_points": 39954, "n_faces": 478327, "n_tetras": 235333, "n_edges": 282947, "distribution": "poisson", "union_method": "a", "n_polyhedrons": 79631, "n_barrier_faces": 38205, "polyhedra_with_barriers": 21180, "n_tetra_left": 19692, "n_tetra_left_rate": 24.729062802175033, "polyhedra_with_barriers_rate": 26.597681807336336, "convex_rate": 97.36283608142557, "polyhedra_with_kernel": 99.33443005864551, "avg_edge_ratio": 0.2959374016248284, "min_edge_ratio": 3.394285806828475e-06, "max_edge_ratio": 0.7639923052838529, "avg_original_edge_ratio": 0.36560950601162284, "min_original_edge_ratio": 4.3499713349673864e-06, "max_original_edge_ratio": 0.9090965310513536, "avg_tetra_per_polyhedron": 2.9548919390689554, "min_tetra_per_polyhedron": 1, "max_tetra_per_polyhedron": 21, "polyhedra_final_rate": 33.83758333935317, "avg_face_per_polyhedron": 7.909783878137911, "min_face_per_polyhedron": 4, "max_face_per_polyhedron": 44, "avg_polyhedron_volume_ratio": 0.9851583174593246, "min_polyhedron_volume_ratio": 1.1223540733590016e-10, "max_polyhedron_volume_ratio": 1.0000255151799764, "avg_polyhedron_area_ratio": 1.0021741142508056, "min_polyhedron_area_ratio": 0.9017333150576615, "max_polyhedron_area_ratio": 1.2835135711826364, "dt": 27.08411955833435, "filename": "Files/polylla_poisson40000a", "clean_name": "39954poissona"}