{"number": 40000, "n_points": 39954, "n_faces": 478327, "n_tetras": 235333, "n_edges": 282947, "distribution": "poisson", "union_method": "r", "n_polyhedrons": 73092, "n_barrier_faces": 20121, "polyhedra_with_barriers": 14752, "n_tetra_left": 11843, "n_tetra_left_rate": 16.202867618891258, "polyhedra_with_barriers_rate": 20.182783341542166, "convex_rate": 93.46440102884036, "polyhedra_with_kernel": 98.43211295353801, "avg_edge_ratio": 0.283232360353268, "min_edge_ratio": 3.394285806828475e-06, "max_edge_ratio": 0.7611208330201626, "avg_original_edge_ratio": 0.36560950601162284, "min_original_edge_ratio": 4.3499713349673864e-06, "max_original_edge_ratio": 0.9090965310513536, "avg_tetra_per_polyhedron": 3.2192852842992394, "min_tetra_per_polyhedron": 1, "max_tetra_per_polyhedron": 21, "polyhedra_final_rate": 31.058967505619695, "avg_face_per_polyhedron": 8.438570568598479, "min_face_per_polyhedron": 4, "max_face_per_polyhedron": 44, "avg_polyhedron_volume_ratio": 0.9609992109176936, "min_polyhedron_volume_ratio": 4.410442794378755e-11, "max_polyhedron_volume_ratio": 1.000026618860835, "avg_polyhedron_area_ratio": 0.9972266630062676, "min_polyhedron_area_ratio": 0.7874080853346511, "max_polyhedron_area_ratio": 1.3095604026055698, "dt": 16.94800639152527, "filename": "Files/polylla_poisson40000r", "clean_name": "39954poissonr"}