{"number": 40000, "distribution": "poisson", "union_method": "tra", "dt": 31.14568042755127, "n_points": 39954, "n_faces": 478327, "n_tetras": 235333, "n_edges": 282947, "n_polyhedrons": 78207, "n_barrier_faces": 11823, "polyhedra_with_barriers": 10226, "n_tetra_left": 10496, "convex_rate": 92.38687074047081, "polyhedra_with_kernel": 98.18302709476134, "avg_edge_ratio": 0.2751261213409631, "min_edge_ratio": 3.394285806828475e-06, "max_edge_ratio": 0.6685516445874929, "avg_tetra_per_polyhedron": 3.0088483128108736, "min_tetra_per_polyhedron": 1, "max_tetra_per_polyhedron": 15, "avg_face_per_polyhedron": 8.017696625621747, "min_face_per_polyhedron": 4, "max_face_per_polyhedron": 32, "avg_polyhedron_volume_ratio": 0.9531550279033021, "min_polyhedron_volume_ratio": 1.927259099853376e-11, "max_polyhedron_volume_ratio": 1.0000365667507425, "avg_polyhedron_area_ratio": 0.9862293045577539, "min_polyhedron_area_ratio": 0.7053810809879859, "max_polyhedron_area_ratio": 1.3394331011868807, "filename": "Files/polylla_poisson40000tra", "clean_name": "39954poissontra"}