{"number": 40000, "n_points": 39954, "n_faces": 478327, "n_tetras": 235333, "n_edges": 282947, "distribution": "poisson", "union_method": "are2", "n_polyhedrons": 73406, "n_barrier_faces": 17896, "polyhedra_with_barriers": 13735, "n_tetra_left": 11198, "n_tetra_left_rate": 15.254883796964828, "polyhedra_with_barriers_rate": 18.71100455003678, "convex_rate": 92.72130343568645, "polyhedra_with_kernel": 98.27262076669481, "avg_edge_ratio": 0.2810077710934752, "min_edge_ratio": 3.394285806828475e-06, "max_edge_ratio": 0.7523437221398818, "avg_original_edge_ratio": 0.36560950601162284, "min_original_edge_ratio": 4.3499713349673864e-06, "max_original_edge_ratio": 0.9090965310513536, "avg_tetra_per_polyhedron": 3.205146718251914, "min_tetra_per_polyhedron": 1, "max_tetra_per_polyhedron": 21, "polyhedra_final_rate": 31.19239545665079, "avg_face_per_polyhedron": 8.410293436503828, "min_face_per_polyhedron": 4, "max_face_per_polyhedron": 44, "avg_polyhedron_volume_ratio": 0.9561363225058762, "min_polyhedron_volume_ratio": 9.878537057081184e-12, "max_polyhedron_volume_ratio": 1.000026618860835, "avg_polyhedron_area_ratio": 0.9953505426269632, "min_polyhedron_area_ratio": 0.7588489003421691, "max_polyhedron_area_ratio": 1.3095604026055698, "dt": 28.201765537261963, "filename": "Files/polylla_poisson40000are2", "clean_name": "39954poissonare2"}