{"number": 40000, "distribution": "random", "union_method": "a", "dt": 23.628822565078735, "n_points": 39990, "n_faces": 498582, "n_tetras": 245842, "n_edges": 292729, "n_polyhedrons": 72991, "n_barrier_faces": 47656, "polyhedra_with_barriers": 18475, "n_tetra_left": 18074, "convex_rate": 93.47590798865613, "polyhedra_with_kernel": 97.85178994670576, "avg_edge_ratio": 0.1008584297624659, "min_edge_ratio": 7.793632105904552e-08, "max_edge_ratio": 0.7262120565617324, "avg_tetra_per_polyhedron": 3.361907632447836, "min_tetra_per_polyhedron": 1, "max_tetra_per_polyhedron": 28, "avg_face_per_polyhedron": 8.723815264895672, "min_face_per_polyhedron": 4, "max_face_per_polyhedron": 58, "avg_polyhedron_volume_ratio": 0.9641767678479326, "min_polyhedron_volume_ratio": 1.6331561925830258e-12, "max_polyhedron_volume_ratio": 1.0000257577922962, "avg_polyhedron_area_ratio": 1.0042352265456653, "min_polyhedron_area_ratio": 0.8732481806256387, "max_polyhedron_area_ratio": 1.3411061437380747, "filename": "Files/polylla_random40000a", "clean_name": "39990randoma"}