{"number": 40000, "n_points": 39990, "n_faces": 498582, "n_tetras": 245842, "n_edges": 292729, "distribution": "random", "union_method": "a", "n_polyhedrons": 72991, "n_barrier_faces": 47656, "polyhedra_with_barriers": 18475, "n_tetra_left": 18074, "n_tetra_left_rate": 24.76195695359702, "polyhedra_with_barriers_rate": 25.311339754216274, "convex_rate": 93.47590798865613, "polyhedra_with_kernel": 97.85178994670576, "avg_edge_ratio": 0.1008584297624659, "min_edge_ratio": 7.793632105904552e-08, "max_edge_ratio": 0.7262120565617324, "median_edge_ratio": 0.07887594113898996, "variance_edge_ratio": 0.006727268403264171, "avg_original_edge_ratio": 0.21408088562286226, "min_original_edge_ratio": 1.472131887099302e-07, "max_original_edge_ratio": 0.8744288028556743, "avg_tetra_per_polyhedron": 3.361907632447836, "min_tetra_per_polyhedron": 1, "max_tetra_per_polyhedron": 28, "median_tetra_per_polyhedron": 3, "variance_tetra_per_polyhedron": 6.656992026048198, "polyhedra_final_rate": 29.69020753166668, "avg_face_per_polyhedron": 8.723815264895672, "min_face_per_polyhedron": 4, "max_face_per_polyhedron": 58, "median_face_per_polyhedron": 8, "variance_face_per_polyhedron": 26.627968104192792, "avg_polyhedron_volume_ratio": 0.9641767678479326, "min_polyhedron_volume_ratio": 1.6331561925830258e-12, "max_polyhedron_volume_ratio": 1.0000257577922962, "median_polyhedron_volume_ration": 1, "variance_polyhedron_volume_ration": 0.03020616936036839, "avg_polyhedron_area_ratio": 1.0042352265456653, "min_polyhedron_area_ratio": 0.8732481806256387, "max_polyhedron_area_ratio": 1.3411061437380747, "median_polyhedron_area_ratio": 1.0, "variance_polyhedron_area_ratio": 0.0004334971587806594, "dt": 33.95908236503601, "filename": "Files/polylla_random40000a", "clean_name": "39990randoma"}