{"number": 40000, "n_points": 39990, "n_faces": 498582, "n_tetras": 245842, "n_edges": 292729, "distribution": "random", "union_method": "r", "n_polyhedrons": 71181, "n_barrier_faces": 23669, "polyhedra_with_barriers": 15478, "n_tetra_left": 12600, "n_tetra_left_rate": 17.701352889113668, "polyhedra_with_barriers_rate": 21.744566668071535, "convex_rate": 88.5011449684607, "polyhedra_with_kernel": 96.14503870414858, "avg_edge_ratio": 0.09982384566079684, "min_edge_ratio": 1.1778934722358796e-07, "max_edge_ratio": 0.6174559653601069, "median_edge_ratio": 0.08016280144570136, "variance_edge_ratio": 0.006042221428583756, "avg_original_edge_ratio": 0.21408088562286226, "min_original_edge_ratio": 1.472131887099302e-07, "max_original_edge_ratio": 0.8744288028556743, "avg_tetra_per_polyhedron": 3.4480549584861127, "min_tetra_per_polyhedron": 1, "max_tetra_per_polyhedron": 31, "median_tetra_per_polyhedron": 3, "variance_tetra_per_polyhedron": 5.877791278575477, "polyhedra_final_rate": 28.953962300990067, "avg_face_per_polyhedron": 8.896109916972225, "min_face_per_polyhedron": 4, "max_face_per_polyhedron": 64, "median_face_per_polyhedron": 8, "variance_face_per_polyhedron": 23.511165114301907, "avg_polyhedron_volume_ratio": 0.9346926056326453, "min_polyhedron_volume_ratio": 2.7636260637609745e-10, "max_polyhedron_volume_ratio": 1.0000188280777995, "median_polyhedron_volume_ration": 1, "variance_polyhedron_volume_ration": 0.05325144795900913, "avg_polyhedron_area_ratio": 0.9933637263418943, "min_polyhedron_area_ratio": 0.37836086854956197, "max_polyhedron_area_ratio": 1.4215738322415445, "median_polyhedron_area_ratio": 1.0, "variance_polyhedron_area_ratio": 0.002608218258907494, "dt": 16.648159503936768, "filename": "Files/polylla_random40000r", "clean_name": "39990randomr"}