{"number": 40000, "distribution": "random", "union_method": "are1", "dt": 23.720203399658203, "n_points": 39990, "n_faces": 498582, "n_tetras": 245842, "n_edges": 292729, "n_polyhedrons": 73296, "n_barrier_faces": 50276, "polyhedra_with_barriers": 18561, "n_tetra_left": 18631, "convex_rate": 93.65449683475224, "polyhedra_with_kernel": 97.84162846540056, "avg_edge_ratio": 0.10109170393939633, "min_edge_ratio": 7.793632105904552e-08, "max_edge_ratio": 0.7262120565617324, "avg_tetra_per_polyhedron": 3.3457623881248635, "min_tetra_per_polyhedron": 1, "max_tetra_per_polyhedron": 28, "avg_face_per_polyhedron": 8.691524776249727, "min_face_per_polyhedron": 4, "max_face_per_polyhedron": 58, "avg_polyhedron_volume_ratio": 0.9657907076264474, "min_polyhedron_volume_ratio": 1.6331561925830258e-12, "max_polyhedron_volume_ratio": 1.0000257577922962, "avg_polyhedron_area_ratio": 1.0043825421934798, "min_polyhedron_area_ratio": 0.8967470496648958, "max_polyhedron_area_ratio": 1.3411061437380747, "filename": "Files/polylla_random40000are1", "clean_name": "39990randomare1"}