{"number": 40000, "n_points": 39990, "n_faces": 498582, "n_tetras": 245842, "n_edges": 292729, "distribution": "random", "union_method": "are2", "n_polyhedrons": 72471, "n_barrier_faces": 21311, "polyhedra_with_barriers": 14963, "n_tetra_left": 12056, "n_tetra_left_rate": 16.63561976514744, "polyhedra_with_barriers_rate": 20.646879441431746, "convex_rate": 88.58439927695217, "polyhedra_with_kernel": 96.43719556788233, "avg_edge_ratio": 0.09960743115796512, "min_edge_ratio": 1.1778934722358796e-07, "max_edge_ratio": 0.6055125046770362, "avg_original_edge_ratio": 0.21408088562286226, "min_original_edge_ratio": 1.472131887099302e-07, "max_original_edge_ratio": 0.8744288028556743, "avg_tetra_per_polyhedron": 3.3876723103034316, "min_tetra_per_polyhedron": 1, "max_tetra_per_polyhedron": 28, "polyhedra_final_rate": 29.47868956484246, "avg_face_per_polyhedron": 8.775344620606864, "min_face_per_polyhedron": 4, "max_face_per_polyhedron": 58, "avg_polyhedron_volume_ratio": 0.9338028144093147, "min_polyhedron_volume_ratio": 2.3563288393662124e-10, "max_polyhedron_volume_ratio": 1.0000188280777995, "avg_polyhedron_area_ratio": 0.9915048460703915, "min_polyhedron_area_ratio": 0.37836086854956197, "max_polyhedron_area_ratio": 1.4215738322415445, "dt": 25.066400051116943, "filename": "Files/polylla_random40000are2", "clean_name": "39990randomare2"}