{"number": 40000, "distribution": "random", "union_method": "are2", "dt": 28.328349590301514, "n_points": 39990, "n_faces": 498582, "n_tetras": 245842, "n_edges": 292729, "n_polyhedrons": 72471, "n_barrier_faces": 21311, "polyhedra_with_barriers": 14963, "n_tetra_left": 12056, "convex_rate": 0.8858439927695216, "polyhedra_with_kernel": 96.43719556788233, "avg_edge_ratio": 0.09960743115796512, "min_edge_ratio": 1.1778934722358796e-07, "max_edge_ratio": 0.6055125046770362, "avg_tetra_per_polyhedron": 3.3876723103034316, "min_tetra_per_polyhedron": 1, "max_tetra_per_polyhedron": 28, "avg_face_per_polyhedron": 8.775344620606864, "min_face_per_polyhedron": 4, "max_face_per_polyhedron": 58, "avg_polyhedron_volume_ratio": 0.9338028144093147, "min_polyhedron_volume_ratio": 2.3563288393662124e-10, "max_polyhedron_volume_ratio": 1.0000188280777995, "avg_polyhedron_area_ratio": 0.9915048460703915, "min_polyhedron_area_ratio": 0.37836086854956197, "max_polyhedron_area_ratio": 1.4215738322415445, "filename": "Files/polylla_random40000are2", "clean_name": "39990randomare2"}