{"number": 40000, "distribution": "random", "union_method": "r", "dt": 17.337910652160645, "n_points": 39990, "n_faces": 498582, "n_tetras": 245842, "n_edges": 292729, "n_polyhedrons": 71181, "n_barrier_faces": 23669, "polyhedra_with_barriers": 15478, "n_tetra_left": 12600, "convex_rate": 88.5011449684607, "polyhedra_with_kernel": 96.14503870414858, "avg_edge_ratio": 0.09982384566079684, "min_edge_ratio": 1.1778934722358796e-07, "max_edge_ratio": 0.6174559653601069, "avg_tetra_per_polyhedron": 3.4480549584861127, "min_tetra_per_polyhedron": 1, "max_tetra_per_polyhedron": 31, "avg_face_per_polyhedron": 8.896109916972225, "min_face_per_polyhedron": 4, "max_face_per_polyhedron": 64, "avg_polyhedron_volume_ratio": 0.9346926056326453, "min_polyhedron_volume_ratio": 2.7636260637609745e-10, "max_polyhedron_volume_ratio": 1.0000188280777995, "avg_polyhedron_area_ratio": 0.9933637263418943, "min_polyhedron_area_ratio": 0.37836086854956197, "max_polyhedron_area_ratio": 1.4215738322415445, "filename": "Files/polylla_random40000r", "clean_name": "39990randomr"}