{"number": 40000, "distribution": "random", "union_method": "tra", "dt": 33.28251624107361, "n_points": 39990, "n_faces": 498582, "n_tetras": 245842, "n_edges": 292729, "n_polyhedrons": 77916, "n_barrier_faces": 15086, "polyhedra_with_barriers": 12300, "n_tetra_left": 10454, "convex_rate": 90.03028902921095, "polyhedra_with_kernel": 98.16597361260845, "avg_edge_ratio": 0.09467854238625055, "min_edge_ratio": 1.1778934722358796e-07, "max_edge_ratio": 0.6175166459352464, "avg_tetra_per_polyhedron": 3.155000256686688, "min_tetra_per_polyhedron": 1, "max_tetra_per_polyhedron": 17, "avg_face_per_polyhedron": 8.310000513373376, "min_face_per_polyhedron": 4, "max_face_per_polyhedron": 36, "avg_polyhedron_volume_ratio": 0.9360791139515655, "min_polyhedron_volume_ratio": 2.886695490374034e-08, "max_polyhedron_volume_ratio": 1.0000367561082624, "avg_polyhedron_area_ratio": 0.9850718946296263, "min_polyhedron_area_ratio": 0.22760385197973818, "max_polyhedron_area_ratio": 1.397011773486545, "filename": "Files/polylla_random40000tra", "clean_name": "39990randomtra"}