{"number": 40000, "n_points": 40036, "n_faces": 460913, "n_tetras": 227070, "n_edges": 273878, "distribution": "semiuniform", "union_method": "are1", "n_polyhedrons": 66523, "n_barrier_faces": 13319, "polyhedra_with_barriers": 9351, "n_tetra_left": 8093, "n_tetra_left_rate": 12.165717120394449, "polyhedra_with_barriers_rate": 14.056792387595268, "convex_rate": 84.45049080769057, "polyhedra_with_kernel": 95.52184958585752, "avg_edge_ratio": 0.40068897356823274, "min_edge_ratio": 0.10121089933313275, "max_edge_ratio": 0.9247372385790623, "avg_original_edge_ratio": 0.47999198108528746, "min_original_edge_ratio": 0.12748614968972655, "max_original_edge_ratio": 0.9549617281061326, "avg_tetra_per_polyhedron": 3.409722952963637, "min_tetra_per_polyhedron": 1, "max_tetra_per_polyhedron": 20, "polyhedra_final_rate": 29.296252257013254, "avg_face_per_polyhedron": 8.819445905927273, "min_face_per_polyhedron": 4, "max_face_per_polyhedron": 42, "avg_polyhedron_volume_ratio": 0.895467074028977, "min_polyhedron_volume_ratio": 1.1964323386531519e-11, "max_polyhedron_volume_ratio": 1.000014208238069, "avg_polyhedron_area_ratio": 0.9692560210922144, "min_polyhedron_area_ratio": 0.6985044831261019, "max_polyhedron_area_ratio": 1.392381407383011, "dt": 28.674703359603882, "filename": "Files/polylla_semiuniform40000are1", "clean_name": "40036semiuniformare1"}