{"number": 40000, "n_points": 40036, "n_faces": 460913, "n_tetras": 227070, "n_edges": 273878, "distribution": "semiuniform", "union_method": "are1", "n_polyhedrons": 66544, "n_barrier_faces": 13459, "polyhedra_with_barriers": 9383, "n_tetra_left": 8426, "n_tetra_left_rate": 12.662298629478238, "polyhedra_with_barriers_rate": 14.100444818465977, "convex_rate": 84.32916566482328, "polyhedra_with_kernel": 95.0724332772301, "avg_edge_ratio": 0.39697175958095265, "min_edge_ratio": 0.10121089933313275, "max_edge_ratio": 0.9247372385790623, "avg_original_edge_ratio": 0.47999198108528746, "min_original_edge_ratio": 0.12748614968972655, "max_original_edge_ratio": 0.9549617281061326, "avg_tetra_per_polyhedron": 3.4094283481606156, "min_tetra_per_polyhedron": 1, "max_tetra_per_polyhedron": 21, "polyhedra_final_rate": 29.305500506451754, "avg_face_per_polyhedron": 8.81885669632123, "min_face_per_polyhedron": 4, "max_face_per_polyhedron": 44, "avg_polyhedron_volume_ratio": 0.8985525599371386, "min_polyhedron_volume_ratio": 2.1549660287037045e-10, "max_polyhedron_volume_ratio": 1.0000102180258665, "avg_polyhedron_area_ratio": 0.968815658712696, "min_polyhedron_area_ratio": 0.7299500069695933, "max_polyhedron_area_ratio": 1.2790230187538416, "dt": 26.749740839004517, "filename": "Files/polylla_semiuniform40000are1", "clean_name": "40036semiuniformare1"}