{"number": 40000, "n_points": 40036, "n_faces": 460913, "n_tetras": 227070, "n_edges": 273878, "distribution": "semiuniform", "union_method": "are2", "n_polyhedrons": 75030, "n_barrier_faces": 15506, "polyhedra_with_barriers": 13131, "n_tetra_left": 9669, "n_tetra_left_rate": 12.88684526189524, "polyhedra_with_barriers_rate": 17.500999600159936, "convex_rate": 94.0063974410236, "polyhedra_with_kernel": 98.71384779421565, "avg_edge_ratio": 0.4168732201522068, "min_edge_ratio": 0.11289661277175406, "max_edge_ratio": 0.9247372385790623, "avg_original_edge_ratio": 0.47999198108528746, "min_original_edge_ratio": 0.12748614968972655, "max_original_edge_ratio": 0.9549617281061326, "avg_tetra_per_polyhedron": 3.026109556177529, "min_tetra_per_polyhedron": 1, "max_tetra_per_polyhedron": 15, "polyhedra_final_rate": 33.04267406526622, "avg_face_per_polyhedron": 8.052219112355058, "min_face_per_polyhedron": 4, "max_face_per_polyhedron": 32, "avg_polyhedron_volume_ratio": 0.9584432978772334, "min_polyhedron_volume_ratio": 3.361828240907672e-12, "max_polyhedron_volume_ratio": 1.0000285302986462, "avg_polyhedron_area_ratio": 0.9925465394538305, "min_polyhedron_area_ratio": 0.8148743940250907, "max_polyhedron_area_ratio": 1.289387770236376, "dt": 26.554261922836304, "filename": "Files/polylla_semiuniform40000are2", "clean_name": "40036semiuniformare2"}