{"number": 40000, "n_points": 40036, "n_faces": 460913, "n_tetras": 227070, "n_edges": 273878, "distribution": "semiuniform", "union_method": "are2", "n_polyhedrons": 66525, "n_barrier_faces": 13315, "polyhedra_with_barriers": 9349, "n_tetra_left": 8091, "n_tetra_left_rate": 12.162344983089064, "polyhedra_with_barriers_rate": 14.05336339721909, "convex_rate": 84.44945509207065, "polyhedra_with_kernel": 95.5249906050357, "avg_edge_ratio": 0.4006877327349271, "min_edge_ratio": 0.10121089933313275, "max_edge_ratio": 0.9247372385790623, "avg_original_edge_ratio": 0.47999198108528746, "min_original_edge_ratio": 0.12748614968972655, "max_original_edge_ratio": 0.9549617281061326, "avg_tetra_per_polyhedron": 3.4096204434423147, "min_tetra_per_polyhedron": 1, "max_tetra_per_polyhedron": 20, "polyhedra_final_rate": 29.297133042674066, "avg_face_per_polyhedron": 8.81924088688463, "min_face_per_polyhedron": 4, "max_face_per_polyhedron": 42, "avg_polyhedron_volume_ratio": 0.8954410161390797, "min_polyhedron_volume_ratio": 1.1964323386531519e-11, "max_polyhedron_volume_ratio": 1.000014208238069, "avg_polyhedron_area_ratio": 0.9692602455469972, "min_polyhedron_area_ratio": 0.6985044831261019, "max_polyhedron_area_ratio": 1.392381407383011, "dt": 27.71190571784973, "filename": "Files/polylla_semiuniform40000are2", "clean_name": "40036semiuniformare2"}