{"number": 40000, "n_points": 40036, "n_faces": 460913, "n_tetras": 227070, "n_edges": 273878, "distribution": "semiuniform", "union_method": "tra", "n_polyhedrons": 73054, "n_barrier_faces": 11320, "polyhedra_with_barriers": 9408, "n_tetra_left": 9894, "n_tetra_left_rate": 13.543406247433406, "polyhedra_with_barriers_rate": 12.878144933884524, "convex_rate": 92.61915843074986, "polyhedra_with_kernel": 98.32178936129439, "avg_edge_ratio": 0.3595411397775286, "min_edge_ratio": 0.10121089933313275, "max_edge_ratio": 0.7615515746536479, "median_edge_ratio": 0.3561652848713608, "variance_edge_ratio": 0.0062800594418193495, "avg_original_edge_ratio": 0.47999198108528746, "min_original_edge_ratio": 0.12748614968972655, "max_original_edge_ratio": 0.9549617281061326, "avg_tetra_per_polyhedron": 3.107810660607222, "min_tetra_per_polyhedron": 1, "max_tetra_per_polyhedron": 20, "median_tetra_per_polyhedron": 3.0, "variance_tetra_per_polyhedron": 2.9365102492307984, "polyhedra_final_rate": 32.172457832386485, "avg_face_per_polyhedron": 8.215621321214444, "min_face_per_polyhedron": 4, "max_face_per_polyhedron": 42, "median_face_per_polyhedron": 8.0, "variance_face_per_polyhedron": 11.746040996923194, "avg_polyhedron_volume_ratio": 0.9500622850630869, "min_polyhedron_volume_ratio": 6.439662568045436e-10, "max_polyhedron_volume_ratio": 1.0000120987585572, "median_polyhedron_volume_ration": 1.0, "variance_polyhedron_volume_ration": 0.0423818171653533, "avg_polyhedron_area_ratio": 0.9864221540550328, "min_polyhedron_area_ratio": 0.7701795309101275, "max_polyhedron_area_ratio": 1.278271588266691, "median_polyhedron_area_ratio": 0.9994765924303098, "variance_polyhedron_area_ratio": 0.0008684018359365929, "dt": 44.906489849090576, "filename": "Files/polylla_semiuniform40000tra", "clean_name": "40036semiuniformtra"}