{"number": 40000, "n_points": 40036, "n_faces": 460913, "n_tetras": 227070, "n_edges": 273878, "distribution": "semiuniform", "union_method": "are1", "n_polyhedrons": 75703, "n_barrier_faces": 31183, "polyhedra_with_barriers": 19685, "n_tetra_left": 16645, "n_tetra_left_rate": 21.98723960741318, "polyhedra_with_barriers_rate": 26.002932512582067, "convex_rate": 97.37262724066417, "polyhedra_with_kernel": 99.34084514484235, "avg_edge_ratio": 0.37726332357499137, "min_edge_ratio": 0.10121089933313275, "max_edge_ratio": 0.8860157941179622, "median_edge_ratio": 0.3740066194554571, "variance_edge_ratio": 0.007354139112155808, "avg_original_edge_ratio": 0.47999198108528746, "min_original_edge_ratio": 0.12748614968972655, "max_original_edge_ratio": 0.9549617281061326, "avg_tetra_per_polyhedron": 2.9990224958059786, "min_tetra_per_polyhedron": 1, "max_tetra_per_polyhedron": 17, "median_tetra_per_polyhedron": 3, "variance_tetra_per_polyhedron": 3.411771520761534, "polyhedra_final_rate": 33.339058440128596, "avg_face_per_polyhedron": 7.998044991611957, "min_face_per_polyhedron": 4, "max_face_per_polyhedron": 36, "median_face_per_polyhedron": 8, "variance_face_per_polyhedron": 13.647086083046135, "avg_polyhedron_volume_ratio": 0.9822764572460638, "min_polyhedron_volume_ratio": 3.817503842952544e-08, "max_polyhedron_volume_ratio": 1, "median_polyhedron_volume_ration": 1.0, "variance_polyhedron_volume_ration": 0.015885418740868757, "avg_polyhedron_area_ratio": 0.9983416887159469, "min_polyhedron_area_ratio": 0.87954438954892, "max_polyhedron_area_ratio": 1.2298962945387892, "median_polyhedron_area_ratio": 0.9999999999999999, "variance_polyhedron_area_ratio": 0.0001659232569226937, "dt": 32.19383788108826, "filename": "Files/polylla_semiuniform40000are1", "clean_name": "40036semiuniformare1"}