{"number": 40000, "distribution": "semiuniform", "union_method": "r", "dt": 12.601871013641357, "n_points": 40036, "n_faces": 460913, "n_tetras": 227070, "n_edges": 273878, "n_polyhedrons": 71150, "n_barrier_faces": 19648, "polyhedra_with_barriers": 14331, "n_tetra_left": 11936, "convex_rate": 94.87983134223471, "polyhedra_with_kernel": 98.70695713281799, "avg_edge_ratio": 0.36508875110512806, "min_edge_ratio": 0.10121089933313275, "max_edge_ratio": 0.8051942975515165, "avg_tetra_per_polyhedron": 3.191328179901616, "min_tetra_per_polyhedron": 1, "max_tetra_per_polyhedron": 22, "avg_face_per_polyhedron": 8.382656359803233, "min_face_per_polyhedron": 4, "max_face_per_polyhedron": 46, "avg_polyhedron_volume_ratio": 0.9666188893202717, "min_polyhedron_volume_ratio": 1.8798205685434865e-11, "max_polyhedron_volume_ratio": 1, "avg_polyhedron_area_ratio": 0.9948550506005597, "min_polyhedron_area_ratio": 0.8357460342838358, "max_polyhedron_area_ratio": 1.3598475298171502, "filename": "Files/polylla_semiuniform40000r", "clean_name": "40036semiuniformr"}