{"number": 40000, "n_points": 40036, "n_faces": 460913, "n_tetras": 227070, "n_edges": 273878, "distribution": "semiuniform", "union_method": "a", "n_polyhedrons": 75237, "n_barrier_faces": 30171, "polyhedra_with_barriers": 19234, "n_tetra_left": 16184, "n_tetra_left_rate": 21.510692877174794, "polyhedra_with_barriers_rate": 25.564549357364065, "convex_rate": 97.29521379108684, "polyhedra_with_kernel": 99.34074989699218, "avg_edge_ratio": 0.37658477975825116, "min_edge_ratio": 0.10121089933313275, "max_edge_ratio": 0.8324809436427599, "median_edge_ratio": 0.37330396733118976, "variance_edge_ratio": 0.007346389359522959, "avg_original_edge_ratio": 0.47999198108528746, "min_original_edge_ratio": 0.12748614968972655, "max_original_edge_ratio": 0.9549617281061326, "avg_tetra_per_polyhedron": 3.0176243071892817, "min_tetra_per_polyhedron": 1, "max_tetra_per_polyhedron": 17, "median_tetra_per_polyhedron": 3, "variance_tetra_per_polyhedron": 3.4331520836922085, "polyhedra_final_rate": 33.13383538115999, "avg_face_per_polyhedron": 8.035248614378563, "min_face_per_polyhedron": 4, "max_face_per_polyhedron": 36, "median_face_per_polyhedron": 8, "variance_face_per_polyhedron": 13.732608334768834, "avg_polyhedron_volume_ratio": 0.9816337096790531, "min_polyhedron_volume_ratio": 3.817503842952545e-08, "max_polyhedron_volume_ratio": 1, "median_polyhedron_volume_ration": 1, "variance_polyhedron_volume_ration": 0.016409165905710153, "avg_polyhedron_area_ratio": 0.9982073523949105, "min_polyhedron_area_ratio": 0.8807384610964479, "max_polyhedron_area_ratio": 1.2298962945387892, "median_polyhedron_area_ratio": 0.9999999999999999, "variance_polyhedron_area_ratio": 0.00016878861182042276, "dt": 30.236207962036133, "filename": "Files/polylla_semiuniform40000a", "clean_name": "40036semiuniforma"}