{"number": 40000, "distribution": "semiuniform", "union_method": "a", "dt": 21.33846879005432, "n_points": 40036, "n_faces": 460913, "n_tetras": 227070, "n_edges": 273878, "n_polyhedrons": 75237, "n_barrier_faces": 30171, "polyhedra_with_barriers": 19234, "n_tetra_left": 16184, "convex_rate": 97.29521379108684, "polyhedra_with_kernel": 99.34074989699218, "avg_edge_ratio": 0.37658477975825116, "min_edge_ratio": 0.10121089933313275, "max_edge_ratio": 0.8324809436427599, "avg_tetra_per_polyhedron": 3.0176243071892817, "min_tetra_per_polyhedron": 1, "max_tetra_per_polyhedron": 17, "avg_face_per_polyhedron": 8.035248614378563, "min_face_per_polyhedron": 4, "max_face_per_polyhedron": 36, "avg_polyhedron_volume_ratio": 0.9816337096790531, "min_polyhedron_volume_ratio": 3.817503842952545e-08, "max_polyhedron_volume_ratio": 1, "avg_polyhedron_area_ratio": 0.9982073523949105, "min_polyhedron_area_ratio": 0.8807384610964479, "max_polyhedron_area_ratio": 1.2298962945387892, "filename": "Files/polylla_semiuniform40000a", "clean_name": "40036semiuniforma"}