{"number": 40000, "n_points": 40036, "n_faces": 460913, "n_tetras": 227070, "n_edges": 273878, "distribution": "semiuniform", "union_method": "tra", "n_polyhedrons": 66538, "n_barrier_faces": 13335, "polyhedra_with_barriers": 9355, "n_tetra_left": 8098, "n_tetra_left_rate": 12.170489043854639, "polyhedra_with_barriers_rate": 14.059635095734768, "convex_rate": 84.44648170969971, "polyhedra_with_kernel": 95.52887072049054, "avg_edge_ratio": 0.4007226258568702, "min_edge_ratio": 0.10121089933313275, "max_edge_ratio": 0.9247372385790623, "avg_original_edge_ratio": 0.47999198108528746, "min_original_edge_ratio": 0.12748614968972655, "max_original_edge_ratio": 0.9549617281061326, "avg_tetra_per_polyhedron": 3.4091646878475457, "min_tetra_per_polyhedron": 1, "max_tetra_per_polyhedron": 20, "polyhedra_final_rate": 29.302858149469323, "avg_face_per_polyhedron": 8.818329375695091, "min_face_per_polyhedron": 4, "max_face_per_polyhedron": 42, "avg_polyhedron_volume_ratio": 0.8953721223760692, "min_polyhedron_volume_ratio": 9.480399029451672e-12, "max_polyhedron_volume_ratio": 1.000014208238069, "avg_polyhedron_area_ratio": 0.9692566370487766, "min_polyhedron_area_ratio": 0.6985044831261019, "max_polyhedron_area_ratio": 1.392381407383011, "dt": 38.6746084690094, "filename": "Files/polylla_semiuniform40000tra", "clean_name": "40036semiuniformtra"}