{"number": 40000, "n_points": 40036, "n_faces": 460913, "n_tetras": 227070, "n_edges": 273878, "distribution": "semiuniform", "union_method": "are2", "n_polyhedrons": 70880, "n_barrier_faces": 17429, "polyhedra_with_barriers": 13148, "n_tetra_left": 11339, "n_tetra_left_rate": 15.997460496613996, "polyhedra_with_barriers_rate": 18.549661399548533, "convex_rate": 93.96162528216703, "polyhedra_with_kernel": 98.46783295711062, "avg_edge_ratio": 0.3621930589255816, "min_edge_ratio": 0.10121089933313275, "max_edge_ratio": 0.8051942975515165, "median_edge_ratio": 0.35864031673145, "variance_edge_ratio": 0.006704471335170331, "avg_original_edge_ratio": 0.47999198108528746, "min_original_edge_ratio": 0.12748614968972655, "max_original_edge_ratio": 0.9549617281061326, "avg_tetra_per_polyhedron": 3.2034706546275395, "min_tetra_per_polyhedron": 1, "max_tetra_per_polyhedron": 18, "median_tetra_per_polyhedron": 3.0, "variance_tetra_per_polyhedron": 3.6719415654701906, "polyhedra_final_rate": 31.215043819086624, "avg_face_per_polyhedron": 8.406941309255078, "min_face_per_polyhedron": 4, "max_face_per_polyhedron": 38, "median_face_per_polyhedron": 8.0, "variance_face_per_polyhedron": 14.687766261880762, "avg_polyhedron_volume_ratio": 0.9604384977258826, "min_polyhedron_volume_ratio": 1.8798205685434865e-11, "max_polyhedron_volume_ratio": 1, "median_polyhedron_volume_ration": 1.0, "variance_polyhedron_volume_ration": 0.03399162905419705, "avg_polyhedron_area_ratio": 0.9932489926642766, "min_polyhedron_area_ratio": 0.8205551238891705, "max_polyhedron_area_ratio": 1.3598475298171502, "median_polyhedron_area_ratio": 0.9999999999999998, "variance_polyhedron_area_ratio": 0.0004505880102896612, "dt": 34.185834646224976, "filename": "Files/polylla_semiuniform40000are2", "clean_name": "40036semiuniformare2"}