{"number": 5000, "n_points": 4913, "n_faces": 50688, "n_tetras": 24576, "n_edges": 31024, "distribution": "uniform", "union_method": "a", "n_polyhedrons": 8376, "n_barrier_faces": 1741, "polyhedra_with_barriers": 1741, "n_tetra_left": 471, "n_tetra_left_rate": 5.623209169054441, "polyhedra_with_barriers_rate": 20.785577841451765, "convex_rate": 100.0, "polyhedra_with_kernel": 100.0, "avg_edge_ratio": 0.3333333333333333, "min_edge_ratio": 0.3333333333333333, "max_edge_ratio": 0.3333333333333333, "avg_original_edge_ratio": 0.3333333333333333, "min_original_edge_ratio": 0.3333333333333333, "max_original_edge_ratio": 0.3333333333333333, "avg_tetra_per_polyhedron": 2.929083094555874, "min_tetra_per_polyhedron": 1, "max_tetra_per_polyhedron": 5, "polyhedra_final_rate": 34.08203125, "avg_face_per_polyhedron": 7.858166189111748, "min_face_per_polyhedron": 4, "max_face_per_polyhedron": 12, "avg_polyhedron_volume_ratio": 1, "min_polyhedron_volume_ratio": 1, "max_polyhedron_volume_ratio": 1, "avg_polyhedron_area_ratio": 1.0061549496987714, "min_polyhedron_area_ratio": 1.0, "max_polyhedron_area_ratio": 1.0690355937288494, "dt": 8.62448525428772, "filename": "Files/polylla_uniform5000a", "clean_name": "4913uniforma"}