{"number": 5000, "distribution": "uniform", "union_method": "are2", "dt": 2.4818403720855713, "n_points": 4913, "n_faces": 50688, "n_tetras": 24576, "n_edges": 31024, "n_polyhedrons": 7126, "n_barrier_faces": 5387, "polyhedra_with_barriers": 1616, "n_tetra_left": 1464, "convex_rate": 69.32360370474319, "polyhedra_with_kernel": 91.27140050519226, "avg_edge_ratio": 0.3333333333333333, "min_edge_ratio": 0.3333333333333333, "max_edge_ratio": 0.3333333333333333, "avg_tetra_per_polyhedron": 3.4438675273645805, "min_tetra_per_polyhedron": 1, "max_tetra_per_polyhedron": 20, "avg_face_per_polyhedron": 8.887735054729161, "min_face_per_polyhedron": 4, "max_face_per_polyhedron": 42, "avg_polyhedron_volume_ratio": 0.9027799280739356, "min_polyhedron_volume_ratio": 0.0833333248, "max_polyhedron_volume_ratio": 1.0000023552000001, "avg_polyhedron_area_ratio": 0.9855864662074455, "min_polyhedron_area_ratio": 0.751944194168533, "max_polyhedron_area_ratio": 1.1633634483861184, "filename": "Files/polylla_uniform5000are2", "clean_name": "4913uniformare2"}