{"number": 5000, "n_points": 4913, "n_faces": 50688, "n_tetras": 24576, "n_edges": 31024, "distribution": "uniform", "union_method": "tra", "n_polyhedrons": 6717, "n_barrier_faces": 0, "polyhedra_with_barriers": 0, "n_tetra_left": 645, "n_tetra_left_rate": 9.602501116569897, "polyhedra_with_barriers_rate": 0.0, "convex_rate": 58.121185052850976, "polyhedra_with_kernel": 100.0, "avg_edge_ratio": 0.3333333333333333, "min_edge_ratio": 0.3333333333333333, "max_edge_ratio": 0.3333333333333333, "avg_original_edge_ratio": 0.3333333333333333, "min_original_edge_ratio": 0.3333333333333333, "max_original_edge_ratio": 0.3333333333333333, "avg_tetra_per_polyhedron": 3.658776239392586, "min_tetra_per_polyhedron": 1, "max_tetra_per_polyhedron": 21, "polyhedra_final_rate": 27.33154296875, "avg_face_per_polyhedron": 9.317552478785172, "min_face_per_polyhedron": 4, "max_face_per_polyhedron": 44, "avg_polyhedron_volume_ratio": 0.9999999923601341, "min_polyhedron_volume_ratio": 0.99999744, "max_polyhedron_volume_ratio": 1.0000023552000001, "avg_polyhedron_area_ratio": 1.0000000000000002, "min_polyhedron_area_ratio": 0.999999999999999, "max_polyhedron_area_ratio": 1.0000000000000007, "dt": 3.7815022468566895, "filename": "Files/polylla_uniform5000tra", "clean_name": "4913uniformtra"}