{"number": 5000, "n_points": 4998, "n_faces": 59196, "n_tetras": 28920, "n_edges": 35273, "distribution": "random", "union_method": "r", "n_polyhedrons": 8444, "n_barrier_faces": 2681, "polyhedra_with_barriers": 1819, "n_tetra_left": 1516, "n_tetra_left_rate": 17.95357650402653, "polyhedra_with_barriers_rate": 21.5419232591189, "convex_rate": 88.66650876361913, "polyhedra_with_kernel": 96.43533870203696, "avg_edge_ratio": 0.09807068201935758, "min_edge_ratio": 1.6328152323300608e-06, "max_edge_ratio": 0.5229658639470173, "avg_original_edge_ratio": 0.21199716312055492, "min_original_edge_ratio": 3.6856699535588777e-06, "max_original_edge_ratio": 0.8885395078723926, "avg_tetra_per_polyhedron": 3.420416864045476, "min_tetra_per_polyhedron": 1, "max_tetra_per_polyhedron": 21, "polyhedra_final_rate": 29.197786998616877, "avg_face_per_polyhedron": 8.840833728090953, "min_face_per_polyhedron": 4, "max_face_per_polyhedron": 44, "avg_polyhedron_volume_ratio": 0.9341385969683113, "min_polyhedron_volume_ratio": 1.411936963706147e-08, "max_polyhedron_volume_ratio": 1, "avg_polyhedron_area_ratio": 0.9933672086621937, "min_polyhedron_area_ratio": 0.5413360926411519, "max_polyhedron_area_ratio": 1.3426986972465258, "dt": 1.8105833530426025, "filename": "Files/polylla_random5000r", "clean_name": "4998randomr"}