{"number": 5000, "n_points": 4998, "n_faces": 59196, "n_tetras": 28920, "n_edges": 35273, "distribution": "random", "union_method": "are2", "n_polyhedrons": 8602, "n_barrier_faces": 2436, "polyhedra_with_barriers": 1776, "n_tetra_left": 1463, "n_tetra_left_rate": 17.007672634271103, "polyhedra_with_barriers_rate": 20.64636131132295, "convex_rate": 88.56079981399675, "polyhedra_with_kernel": 96.4891885607998, "avg_edge_ratio": 0.09848029476942019, "min_edge_ratio": 1.6328152323300608e-06, "max_edge_ratio": 0.5229658639470173, "avg_original_edge_ratio": 0.21199716312055492, "min_original_edge_ratio": 3.6856699535588777e-06, "max_original_edge_ratio": 0.8885395078723926, "avg_tetra_per_polyhedron": 3.3593350383631715, "min_tetra_per_polyhedron": 1, "max_tetra_per_polyhedron": 19, "polyhedra_final_rate": 29.744121715076073, "avg_face_per_polyhedron": 8.718670076726342, "min_face_per_polyhedron": 4, "max_face_per_polyhedron": 40, "avg_polyhedron_volume_ratio": 0.9341225485699524, "min_polyhedron_volume_ratio": 3.357441825575598e-08, "max_polyhedron_volume_ratio": 1.0000019246667207, "avg_polyhedron_area_ratio": 0.9916143600788647, "min_polyhedron_area_ratio": 0.5407441758517358, "max_polyhedron_area_ratio": 1.2702820428731425, "dt": 3.2749476432800293, "filename": "Files/polylla_random5000are2", "clean_name": "4998randomare2"}