{"number": 5000, "distribution": "random", "union_method": "tra", "dt": 4.259993314743042, "n_points": 4998, "n_faces": 59196, "n_tetras": 28920, "n_edges": 35273, "n_polyhedrons": 9185, "n_barrier_faces": 1723, "polyhedra_with_barriers": 1414, "n_tetra_left": 1224, "convex_rate": 89.31954273271639, "polyhedra_with_kernel": 98.08383233532935, "avg_edge_ratio": 0.09244319002580127, "min_edge_ratio": 1.6328152323300608e-06, "max_edge_ratio": 0.5557980566186913, "avg_tetra_per_polyhedron": 3.147523135547088, "min_tetra_per_polyhedron": 1, "max_tetra_per_polyhedron": 16, "avg_face_per_polyhedron": 8.295046271094176, "min_face_per_polyhedron": 4, "max_face_per_polyhedron": 34, "avg_polyhedron_volume_ratio": 0.932836021156599, "min_polyhedron_volume_ratio": 8.18183086999402e-09, "max_polyhedron_volume_ratio": 1.000032659879011, "avg_polyhedron_area_ratio": 0.9856122950588214, "min_polyhedron_area_ratio": 0.41976341865491484, "max_polyhedron_area_ratio": 1.2376395379468135, "filename": "Files/polylla_random5000tra", "clean_name": "4998randomtra"}