{"number": 5000, "distribution": "random", "union_method": "are1", "dt": 5.015909671783447, "n_points": 4998, "n_faces": 59196, "n_tetras": 28920, "n_edges": 35273, "n_polyhedrons": 8625, "n_barrier_faces": 5763, "polyhedra_with_barriers": 2207, "n_tetra_left": 2227, "convex_rate": 0.9314782608695652, "polyhedra_with_kernel": 97.82028985507246, "avg_edge_ratio": 0.09922015278536098, "min_edge_ratio": 1.6328152323300608e-06, "max_edge_ratio": 0.5479639993055547, "avg_tetra_per_polyhedron": 3.339594202898551, "min_tetra_per_polyhedron": 1, "max_tetra_per_polyhedron": 24, "avg_face_per_polyhedron": 8.6791884057971, "min_face_per_polyhedron": 4, "max_face_per_polyhedron": 50, "avg_polyhedron_volume_ratio": 0.9627077195327297, "min_polyhedron_volume_ratio": 7.827366035901396e-11, "max_polyhedron_volume_ratio": 1.000032659879011, "avg_polyhedron_area_ratio": 1.0045517461774205, "min_polyhedron_area_ratio": 0.861093176009522, "max_polyhedron_area_ratio": 1.3467744274223603, "filename": "Files/polylla_random5000are1", "clean_name": "4998randomare1"}