{"number": 5000, "n_points": 4998, "n_faces": 59196, "n_tetras": 28920, "n_edges": 35273, "distribution": "random", "union_method": "a", "n_polyhedrons": 8610, "n_barrier_faces": 5450, "polyhedra_with_barriers": 2201, "n_tetra_left": 2169, "n_tetra_left_rate": 25.191637630662022, "polyhedra_with_barriers_rate": 25.563298490127757, "convex_rate": 93.03135888501743, "polyhedra_with_kernel": 97.862950058072, "avg_edge_ratio": 0.09899504402898712, "min_edge_ratio": 1.6328152323300608e-06, "max_edge_ratio": 0.5479639993055547, "avg_original_edge_ratio": 0.21199716312055492, "min_original_edge_ratio": 3.6856699535588777e-06, "max_original_edge_ratio": 0.8885395078723926, "avg_tetra_per_polyhedron": 3.351567944250871, "min_tetra_per_polyhedron": 1, "max_tetra_per_polyhedron": 23, "polyhedra_final_rate": 29.771784232365146, "avg_face_per_polyhedron": 8.703135888501743, "min_face_per_polyhedron": 4, "max_face_per_polyhedron": 48, "avg_polyhedron_volume_ratio": 0.9613459900480389, "min_polyhedron_volume_ratio": 5.141715358090016e-08, "max_polyhedron_volume_ratio": 1.000032659879011, "avg_polyhedron_area_ratio": 1.0045973283290361, "min_polyhedron_area_ratio": 0.9251378662979852, "max_polyhedron_area_ratio": 1.2400766688669391, "dt": 3.08369779586792, "filename": "Files/polylla_random5000a", "clean_name": "4998randoma"}