{"number": 50000, "n_points": 49997, "n_faces": 641483, "n_tetras": 317834, "n_edges": 373645, "distribution": "random", "union_method": "are2", "n_polyhedrons": 93883, "n_barrier_faces": 27928, "polyhedra_with_barriers": 19781, "n_tetra_left": 15246, "n_tetra_left_rate": 16.23936175878487, "polyhedra_with_barriers_rate": 21.06984225046068, "convex_rate": 88.81799686844263, "polyhedra_with_kernel": 96.43811978739495, "avg_edge_ratio": 0.10315976292005256, "min_edge_ratio": 3.9291451421858965e-06, "max_edge_ratio": 0.6356464317120472, "avg_original_edge_ratio": 0.21844105908735428, "min_original_edge_ratio": 4.201085774036276e-06, "max_original_edge_ratio": 0.8705760113582536, "avg_tetra_per_polyhedron": 3.3818369672890727, "min_tetra_per_polyhedron": 1, "max_tetra_per_polyhedron": 31, "polyhedra_final_rate": 29.538375378342153, "avg_face_per_polyhedron": 8.763673934578145, "min_face_per_polyhedron": 4, "max_face_per_polyhedron": 64, "avg_polyhedron_volume_ratio": 0.9338810292154851, "min_polyhedron_volume_ratio": 7.631963243595032e-12, "max_polyhedron_volume_ratio": 1.0000362351309873, "avg_polyhedron_area_ratio": 0.9907529781998029, "min_polyhedron_area_ratio": 0.3418436119220741, "max_polyhedron_area_ratio": 1.5525270767549888, "dt": 32.51473569869995, "filename": "Files/polylla_random50000are2", "clean_name": "49997randomare2"}