{"number": 50000, "distribution": "random", "union_method": "r", "dt": 19.714181900024414, "n_points": 49997, "n_faces": 641483, "n_tetras": 317834, "n_edges": 373645, "n_polyhedrons": 92288, "n_barrier_faces": 30865, "polyhedra_with_barriers": 20459, "n_tetra_left": 16016, "convex_rate": 88.8815447295423, "polyhedra_with_kernel": 96.1620145631068, "avg_edge_ratio": 0.10357612391559322, "min_edge_ratio": 3.9291451421858965e-06, "max_edge_ratio": 0.6078098536092875, "avg_tetra_per_polyhedron": 3.4384643723994452, "min_tetra_per_polyhedron": 1, "max_tetra_per_polyhedron": 43, "avg_face_per_polyhedron": 8.87692874479889, "min_face_per_polyhedron": 4, "max_face_per_polyhedron": 88, "avg_polyhedron_volume_ratio": 0.9363305205421248, "min_polyhedron_volume_ratio": 1.5052291464264145e-10, "max_polyhedron_volume_ratio": 1.0000362351309873, "avg_polyhedron_area_ratio": 0.9928319181792185, "min_polyhedron_area_ratio": 0.36280985881487476, "max_polyhedron_area_ratio": 1.5525270767549888, "filename": "Files/polylla_random50000r", "clean_name": "49997randomr"}