{"number": 50000, "n_points": 49997, "n_faces": 641483, "n_tetras": 317834, "n_edges": 373645, "distribution": "random", "union_method": "a", "n_polyhedrons": 95683, "n_barrier_faces": 62391, "polyhedra_with_barriers": 24117, "n_tetra_left": 24055, "n_tetra_left_rate": 25.140307055589812, "polyhedra_with_barriers_rate": 25.20510435500559, "convex_rate": 94.39085312960505, "polyhedra_with_kernel": 97.98919348264582, "avg_edge_ratio": 0.10476767089862839, "min_edge_ratio": 3.721544141000568e-06, "max_edge_ratio": 0.6340719388255504, "avg_original_edge_ratio": 0.21844105908735428, "min_original_edge_ratio": 4.201085774036276e-06, "max_original_edge_ratio": 0.8705760113582536, "avg_tetra_per_polyhedron": 3.3164616494048054, "min_tetra_per_polyhedron": 1, "max_tetra_per_polyhedron": 31, "polyhedra_final_rate": 30.104708747333515, "avg_face_per_polyhedron": 8.632923298809612, "min_face_per_polyhedron": 4, "max_face_per_polyhedron": 64, "avg_polyhedron_volume_ratio": 0.9690828873281551, "min_polyhedron_volume_ratio": 6.433901055201754e-11, "max_polyhedron_volume_ratio": 1.0000254936154431, "avg_polyhedron_area_ratio": 1.0042106717000545, "min_polyhedron_area_ratio": 0.8952815314455487, "max_polyhedron_area_ratio": 1.3360877441192969, "dt": 31.68776774406433, "filename": "Files/polylla_random50000a", "clean_name": "49997randoma"}