{"number": 50000, "n_points": 49997, "n_faces": 641483, "n_tetras": 317834, "n_edges": 373645, "distribution": "random", "union_method": "r", "n_polyhedrons": 92288, "n_barrier_faces": 30865, "polyhedra_with_barriers": 20459, "n_tetra_left": 16016, "n_tetra_left_rate": 17.354368932038835, "polyhedra_with_barriers_rate": 22.1686459778086, "convex_rate": 88.8815447295423, "polyhedra_with_kernel": 96.1620145631068, "avg_edge_ratio": 0.10357612391559322, "min_edge_ratio": 3.9291451421858965e-06, "max_edge_ratio": 0.6078098536092875, "avg_original_edge_ratio": 0.21844105908735428, "min_original_edge_ratio": 4.201085774036276e-06, "max_original_edge_ratio": 0.8705760113582536, "avg_tetra_per_polyhedron": 3.4384643723994452, "min_tetra_per_polyhedron": 1, "max_tetra_per_polyhedron": 43, "polyhedra_final_rate": 29.03654108748592, "avg_face_per_polyhedron": 8.87692874479889, "min_face_per_polyhedron": 4, "max_face_per_polyhedron": 88, "avg_polyhedron_volume_ratio": 0.9363305205421248, "min_polyhedron_volume_ratio": 1.5052291464264145e-10, "max_polyhedron_volume_ratio": 1.0000362351309873, "avg_polyhedron_area_ratio": 0.9928319181792185, "min_polyhedron_area_ratio": 0.36280985881487476, "max_polyhedron_area_ratio": 1.5525270767549888, "dt": 19.96085524559021, "filename": "Files/polylla_random50000r", "clean_name": "49997randomr"}