{"number": 50000, "distribution": "random", "union_method": "are1", "dt": 33.32217478752136, "n_points": 49997, "n_faces": 641483, "n_tetras": 317834, "n_edges": 373645, "n_polyhedrons": 96108, "n_barrier_faces": 65779, "polyhedra_with_barriers": 24261, "n_tetra_left": 24913, "convex_rate": 94.54988138344362, "polyhedra_with_kernel": 97.9960044949432, "avg_edge_ratio": 0.10512497264800628, "min_edge_ratio": 3.721544141000568e-06, "max_edge_ratio": 0.6340719388255504, "avg_tetra_per_polyhedron": 3.301140383734965, "min_tetra_per_polyhedron": 1, "max_tetra_per_polyhedron": 30, "avg_face_per_polyhedron": 8.60228076746993, "min_face_per_polyhedron": 4, "max_face_per_polyhedron": 62, "avg_polyhedron_volume_ratio": 0.9703545972601012, "min_polyhedron_volume_ratio": 6.433901055201754e-11, "max_polyhedron_volume_ratio": 1.0000254936154431, "avg_polyhedron_area_ratio": 1.0042834494362332, "min_polyhedron_area_ratio": 0.8875855292658564, "max_polyhedron_area_ratio": 1.3264786963975805, "filename": "Files/polylla_random50000are1", "clean_name": "49997randomare1"}