{"number": 50000, "distribution": "random", "union_method": "tra", "dt": 54.41265416145325, "n_points": 49997, "n_faces": 641483, "n_tetras": 317834, "n_edges": 373645, "n_polyhedrons": 100154, "n_barrier_faces": 20214, "polyhedra_with_barriers": 16318, "n_tetra_left": 12511, "convex_rate": 0.9024003035325598, "polyhedra_with_kernel": 98.08894302773729, "avg_edge_ratio": 0.09755888937471037, "min_edge_ratio": 3.721544141000568e-06, "max_edge_ratio": 0.6109483900701805, "avg_tetra_per_polyhedron": 3.173013559118957, "min_tetra_per_polyhedron": 1, "max_tetra_per_polyhedron": 17, "avg_face_per_polyhedron": 8.346027118237913, "min_face_per_polyhedron": 4, "max_face_per_polyhedron": 36, "avg_polyhedron_volume_ratio": 0.936623013524799, "min_polyhedron_volume_ratio": 1.238700571905564e-10, "max_polyhedron_volume_ratio": 1.0000254936154431, "avg_polyhedron_area_ratio": 0.984321818232665, "min_polyhedron_area_ratio": 0.3418436119220741, "max_polyhedron_area_ratio": 1.4142959155266217, "filename": "Files/polylla_random50000tra", "clean_name": "49997randomtra"}