{"number": 50000, "distribution": "random", "union_method": "are2", "dt": 34.812708377838135, "n_points": 49997, "n_faces": 641483, "n_tetras": 317834, "n_edges": 373645, "n_polyhedrons": 93883, "n_barrier_faces": 27928, "polyhedra_with_barriers": 19781, "n_tetra_left": 15246, "convex_rate": 88.81799686844263, "polyhedra_with_kernel": 96.43811978739495, "avg_edge_ratio": 0.10315976292005256, "min_edge_ratio": 3.9291451421858965e-06, "max_edge_ratio": 0.6356464317120472, "avg_tetra_per_polyhedron": 3.3818369672890727, "min_tetra_per_polyhedron": 1, "max_tetra_per_polyhedron": 31, "avg_face_per_polyhedron": 8.763673934578145, "min_face_per_polyhedron": 4, "max_face_per_polyhedron": 64, "avg_polyhedron_volume_ratio": 0.9338810292154851, "min_polyhedron_volume_ratio": 7.631963243595032e-12, "max_polyhedron_volume_ratio": 1.0000362351309873, "avg_polyhedron_area_ratio": 0.9907529781998029, "min_polyhedron_area_ratio": 0.3418436119220741, "max_polyhedron_area_ratio": 1.5525270767549888, "filename": "Files/polylla_random50000are2", "clean_name": "49997randomare2"}