{"number": 50000, "n_points": 50027, "n_faces": 578629, "n_tetras": 285369, "n_edges": 343286, "distribution": "semiuniform", "union_method": "are1", "n_polyhedrons": 94883, "n_barrier_faces": 39272, "polyhedra_with_barriers": 24690, "n_tetra_left": 20753, "n_tetra_left_rate": 21.87220049956262, "polyhedra_with_barriers_rate": 26.021521241950612, "convex_rate": 97.36201427020646, "polyhedra_with_kernel": 99.31810756405257, "avg_edge_ratio": 0.37842973342911584, "min_edge_ratio": 0.0899698129378513, "max_edge_ratio": 0.8180406803647232, "median_edge_ratio": 0.3748211033848656, "variance_edge_ratio": 0.007448440563024717, "avg_original_edge_ratio": 0.4811102141575929, "min_original_edge_ratio": 0.11039311691668381, "max_original_edge_ratio": 0.9623434817227217, "avg_tetra_per_polyhedron": 3.0072510354858086, "min_tetra_per_polyhedron": 1, "max_tetra_per_polyhedron": 21, "median_tetra_per_polyhedron": 3, "variance_tetra_per_polyhedron": 3.4585170136336267, "polyhedra_final_rate": 33.24923169650523, "avg_face_per_polyhedron": 8.014502070971618, "min_face_per_polyhedron": 4, "max_face_per_polyhedron": 44, "median_face_per_polyhedron": 8, "variance_face_per_polyhedron": 13.834068054534507, "avg_polyhedron_volume_ratio": 0.98242153372155, "min_polyhedron_volume_ratio": 3.9469749475394784e-14, "max_polyhedron_volume_ratio": 1, "median_polyhedron_volume_ration": 1.0, "variance_polyhedron_volume_ration": 0.015750587203155194, "avg_polyhedron_area_ratio": 0.9983652540932366, "min_polyhedron_area_ratio": 0.8897926541862102, "max_polyhedron_area_ratio": 1.2137035972320447, "median_polyhedron_area_ratio": 0.9999999999999999, "variance_polyhedron_area_ratio": 0.00017308837023324148, "dt": 44.921175479888916, "filename": "Files/polylla_semiuniform50000are1", "clean_name": "50027semiuniformare1"}