{"number": 50000, "distribution": "semiuniform", "union_method": "r", "dt": 17.438408374786377, "n_points": 50027, "n_faces": 578629, "n_tetras": 285369, "n_edges": 343286, "n_polyhedrons": 89156, "n_barrier_faces": 24895, "polyhedra_with_barriers": 18064, "n_tetra_left": 14959, "convex_rate": 94.82592310108126, "polyhedra_with_kernel": 98.70003140562609, "avg_edge_ratio": 0.36606355696818216, "min_edge_ratio": 0.07821144466044763, "max_edge_ratio": 0.8659236580841234, "avg_tetra_per_polyhedron": 3.200592220377765, "min_tetra_per_polyhedron": 1, "max_tetra_per_polyhedron": 19, "avg_face_per_polyhedron": 8.40118444075553, "min_face_per_polyhedron": 4, "max_face_per_polyhedron": 40, "avg_polyhedron_volume_ratio": 0.9659315565306411, "min_polyhedron_volume_ratio": 2.8741427762892492e-08, "max_polyhedron_volume_ratio": 1, "avg_polyhedron_area_ratio": 0.9947736681372217, "min_polyhedron_area_ratio": 0.8312887494131065, "max_polyhedron_area_ratio": 1.2394452710357615, "filename": "Files/polylla_semiuniform50000r", "clean_name": "50027semiuniformr"}