{"number": 50000, "n_points": 50027, "n_faces": 578629, "n_tetras": 285369, "n_edges": 343286, "distribution": "semiuniform", "union_method": "are1", "n_polyhedrons": 83237, "n_barrier_faces": 16604, "polyhedra_with_barriers": 11728, "n_tetra_left": 9913, "n_tetra_left_rate": 11.909367228516164, "polyhedra_with_barriers_rate": 14.089887910424451, "convex_rate": 84.27261914773479, "polyhedra_with_kernel": 95.35062532287324, "avg_edge_ratio": 0.4017114117998484, "min_edge_ratio": 0.08898870707029913, "max_edge_ratio": 0.9275847963511991, "avg_original_edge_ratio": 0.4811102141575929, "min_original_edge_ratio": 0.11039311691668381, "max_original_edge_ratio": 0.9623434817227217, "avg_tetra_per_polyhedron": 3.424943234378942, "min_tetra_per_polyhedron": 1, "max_tetra_per_polyhedron": 20, "polyhedra_final_rate": 29.168199769421342, "avg_face_per_polyhedron": 8.849886468757884, "min_face_per_polyhedron": 4, "max_face_per_polyhedron": 42, "avg_polyhedron_volume_ratio": 0.8951973219894608, "min_polyhedron_volume_ratio": 1.1323074757674094e-11, "max_polyhedron_volume_ratio": 1, "avg_polyhedron_area_ratio": 0.9691569157099444, "min_polyhedron_area_ratio": 0.733565489183515, "max_polyhedron_area_ratio": 1.2678849224513353, "dt": 34.99592447280884, "filename": "Files/polylla_semiuniform50000are1", "clean_name": "50027semiuniformare1"}