{"number": 50000, "n_points": 50027, "n_faces": 578629, "n_tetras": 285369, "n_edges": 343286, "distribution": "semiuniform", "union_method": "are2", "n_polyhedrons": 93664, "n_barrier_faces": 19568, "polyhedra_with_barriers": 16515, "n_tetra_left": 11812, "n_tetra_left_rate": 12.61103518961394, "polyhedra_with_barriers_rate": 17.632174581482747, "convex_rate": 93.83114110010249, "polyhedra_with_kernel": 98.69533652203621, "avg_edge_ratio": 0.41801392181186536, "min_edge_ratio": 0.0899698129378513, "max_edge_ratio": 0.9265417694465539, "avg_original_edge_ratio": 0.4811102141575929, "min_original_edge_ratio": 0.11039311691668381, "max_original_edge_ratio": 0.9623434817227217, "avg_tetra_per_polyhedron": 3.0458981038606083, "min_tetra_per_polyhedron": 1, "max_tetra_per_polyhedron": 14, "polyhedra_final_rate": 32.8220654661158, "avg_face_per_polyhedron": 8.091796207721217, "min_face_per_polyhedron": 4, "max_face_per_polyhedron": 30, "avg_polyhedron_volume_ratio": 0.9570518963464469, "min_polyhedron_volume_ratio": 7.234332596021496e-14, "max_polyhedron_volume_ratio": 1.0000113161798196, "avg_polyhedron_area_ratio": 0.9923044208775643, "min_polyhedron_area_ratio": 0.8127127062285779, "max_polyhedron_area_ratio": 1.270673292707901, "dt": 33.73100733757019, "filename": "Files/polylla_semiuniform50000are2", "clean_name": "50027semiuniformare2"}