{"number": 50000, "n_points": 50027, "n_faces": 578629, "n_tetras": 285369, "n_edges": 343286, "distribution": "semiuniform", "union_method": "tra", "n_polyhedrons": 91749, "n_barrier_faces": 14137, "polyhedra_with_barriers": 11751, "n_tetra_left": 12167, "n_tetra_left_rate": 13.26117995836467, "polyhedra_with_barriers_rate": 12.807769022005688, "convex_rate": 92.7519645990692, "polyhedra_with_kernel": 98.30951835987312, "avg_edge_ratio": 0.360601507101448, "min_edge_ratio": 0.08898870707029913, "max_edge_ratio": 0.7910367347690374, "median_edge_ratio": 0.35708924073235215, "variance_edge_ratio": 0.006324588186422244, "avg_original_edge_ratio": 0.4811102141575929, "min_original_edge_ratio": 0.11039311691668381, "max_original_edge_ratio": 0.9623434817227217, "avg_tetra_per_polyhedron": 3.110170138094148, "min_tetra_per_polyhedron": 1, "max_tetra_per_polyhedron": 17, "median_tetra_per_polyhedron": 3, "variance_tetra_per_polyhedron": 2.930662251429397, "polyhedra_final_rate": 32.15100448892487, "avg_face_per_polyhedron": 8.220340276188296, "min_face_per_polyhedron": 4, "max_face_per_polyhedron": 36, "median_face_per_polyhedron": 8, "variance_face_per_polyhedron": 11.722649005717589, "avg_polyhedron_volume_ratio": 0.9512232671546726, "min_polyhedron_volume_ratio": 1.103286782113472e-14, "max_polyhedron_volume_ratio": 1, "median_polyhedron_volume_ration": 1.0, "variance_polyhedron_volume_ration": 0.041416178373688314, "avg_polyhedron_area_ratio": 0.9863978891106234, "min_polyhedron_area_ratio": 0.7988708672755249, "max_polyhedron_area_ratio": 1.3221703137714729, "median_polyhedron_area_ratio": 0.9993930087848656, "variance_polyhedron_area_ratio": 0.0008557427470182455, "dt": 61.39381241798401, "filename": "Files/polylla_semiuniform50000tra", "clean_name": "50027semiuniformtra"}