{"number": 50000, "distribution": "semiuniform", "union_method": "a", "dt": 27.015623807907104, "n_points": 50027, "n_faces": 578629, "n_tetras": 285369, "n_edges": 343286, "n_polyhedrons": 94196, "n_barrier_faces": 37881, "polyhedra_with_barriers": 24128, "n_tetra_left": 20154, "convex_rate": 97.22812009002504, "polyhedra_with_kernel": 99.30464138604613, "avg_edge_ratio": 0.3776411231399332, "min_edge_ratio": 0.0899698129378513, "max_edge_ratio": 0.8180406803647232, "avg_tetra_per_polyhedron": 3.0291413648137926, "min_tetra_per_polyhedron": 1, "max_tetra_per_polyhedron": 18, "avg_face_per_polyhedron": 8.058282729627585, "min_face_per_polyhedron": 4, "max_face_per_polyhedron": 38, "avg_polyhedron_volume_ratio": 0.9813264515406969, "min_polyhedron_volume_ratio": 3.9469749475394784e-14, "max_polyhedron_volume_ratio": 1, "avg_polyhedron_area_ratio": 0.998198601896848, "min_polyhedron_area_ratio": 0.8822286317980792, "max_polyhedron_area_ratio": 1.2507960700006677, "filename": "Files/polylla_semiuniform50000a", "clean_name": "50027semiuniforma"}