{"number": 50000, "n_points": 50027, "n_faces": 578629, "n_tetras": 285369, "n_edges": 343286, "distribution": "semiuniform", "union_method": "are1", "n_polyhedrons": 83364, "n_barrier_faces": 16939, "polyhedra_with_barriers": 11786, "n_tetra_left": 10209, "n_tetra_left_rate": 12.246293364042032, "polyhedra_with_barriers_rate": 14.137997217024134, "convex_rate": 84.19461638117173, "polyhedra_with_kernel": 94.99664123602514, "avg_edge_ratio": 0.3982112907225053, "min_edge_ratio": 0.08898870707029913, "max_edge_ratio": 0.9275847963511991, "avg_original_edge_ratio": 0.4811102141575929, "min_original_edge_ratio": 0.11039311691668381, "max_original_edge_ratio": 0.9623434817227217, "avg_tetra_per_polyhedron": 3.417602322345377, "min_tetra_per_polyhedron": 1, "max_tetra_per_polyhedron": 18, "polyhedra_final_rate": 29.212703552242886, "avg_face_per_polyhedron": 8.835204644690753, "min_face_per_polyhedron": 4, "max_face_per_polyhedron": 38, "avg_polyhedron_volume_ratio": 0.8975902642862446, "min_polyhedron_volume_ratio": 1.361853065634583e-10, "max_polyhedron_volume_ratio": 1, "avg_polyhedron_area_ratio": 0.9686884313436961, "min_polyhedron_area_ratio": 0.7258290438840352, "max_polyhedron_area_ratio": 1.2959084594424304, "dt": 33.55156993865967, "filename": "Files/polylla_semiuniform50000are1", "clean_name": "50027semiuniformare1"}