{"number": 50000, "n_points": 50027, "n_faces": 578629, "n_tetras": 285369, "n_edges": 343286, "distribution": "semiuniform", "union_method": "are2", "n_polyhedrons": 83239, "n_barrier_faces": 16603, "polyhedra_with_barriers": 11729, "n_tetra_left": 9915, "n_tetra_left_rate": 11.911483799661218, "polyhedra_with_barriers_rate": 14.090750729826162, "convex_rate": 84.27299703264094, "polyhedra_with_kernel": 95.35073703432285, "avg_edge_ratio": 0.40171561578674647, "min_edge_ratio": 0.08898870707029913, "max_edge_ratio": 0.9275847963511991, "avg_original_edge_ratio": 0.4811102141575929, "min_original_edge_ratio": 0.11039311691668381, "max_original_edge_ratio": 0.9623434817227217, "avg_tetra_per_polyhedron": 3.4248609425870087, "min_tetra_per_polyhedron": 1, "max_tetra_per_polyhedron": 20, "polyhedra_final_rate": 29.16890061639491, "avg_face_per_polyhedron": 8.849721885174016, "min_face_per_polyhedron": 4, "max_face_per_polyhedron": 42, "avg_polyhedron_volume_ratio": 0.8951944580858752, "min_polyhedron_volume_ratio": 1.1323074757674094e-11, "max_polyhedron_volume_ratio": 1, "avg_polyhedron_area_ratio": 0.96916084027305, "min_polyhedron_area_ratio": 0.733565489183515, "max_polyhedron_area_ratio": 1.2678849224513353, "dt": 33.7406804561615, "filename": "Files/polylla_semiuniform50000are2", "clean_name": "50027semiuniformare2"}