{"number": 50000, "n_points": 50027, "n_faces": 578629, "n_tetras": 285369, "n_edges": 343286, "distribution": "semiuniform", "union_method": "tra", "n_polyhedrons": 83255, "n_barrier_faces": 16603, "polyhedra_with_barriers": 11729, "n_tetra_left": 9911, "n_tetra_left_rate": 11.904390126719116, "polyhedra_with_barriers_rate": 14.088042760194583, "convex_rate": 84.30004203951714, "polyhedra_with_kernel": 95.36484295237523, "avg_edge_ratio": 0.4017309342127143, "min_edge_ratio": 0.08898870707029913, "max_edge_ratio": 0.9275847963511991, "avg_original_edge_ratio": 0.4811102141575929, "min_original_edge_ratio": 0.11039311691668381, "max_original_edge_ratio": 0.9623434817227217, "avg_tetra_per_polyhedron": 3.4242027505855503, "min_tetra_per_polyhedron": 1, "max_tetra_per_polyhedron": 20, "polyhedra_final_rate": 29.17450739218345, "avg_face_per_polyhedron": 8.8484055011711, "min_face_per_polyhedron": 4, "max_face_per_polyhedron": 42, "avg_polyhedron_volume_ratio": 0.8953353878226283, "min_polyhedron_volume_ratio": 1.1323074757674094e-11, "max_polyhedron_volume_ratio": 1, "avg_polyhedron_area_ratio": 0.9691709412906189, "min_polyhedron_area_ratio": 0.733565489183515, "max_polyhedron_area_ratio": 1.2678849224513353, "dt": 49.40366816520691, "filename": "Files/polylla_semiuniform50000tra", "clean_name": "50027semiuniformtra"}