{"number": 50000, "n_points": 50027, "n_faces": 578629, "n_tetras": 285369, "n_edges": 343286, "distribution": "semiuniform", "union_method": "are2", "n_polyhedrons": 88860, "n_barrier_faces": 21832, "polyhedra_with_barriers": 16447, "n_tetra_left": 14081, "n_tetra_left_rate": 15.8462750393878, "polyhedra_with_barriers_rate": 18.508890389376546, "convex_rate": 94.04231375196939, "polyhedra_with_kernel": 98.42336259284268, "avg_edge_ratio": 0.3631681446457425, "min_edge_ratio": 0.07821144466044763, "max_edge_ratio": 0.8078050115684484, "avg_original_edge_ratio": 0.4811102141575929, "min_original_edge_ratio": 0.11039311691668381, "max_original_edge_ratio": 0.9623434817227217, "avg_tetra_per_polyhedron": 3.211197389151474, "min_tetra_per_polyhedron": 1, "max_tetra_per_polyhedron": 21, "polyhedra_final_rate": 31.13863103560653, "avg_face_per_polyhedron": 8.422394778302948, "min_face_per_polyhedron": 4, "max_face_per_polyhedron": 44, "avg_polyhedron_volume_ratio": 0.9613997277829793, "min_polyhedron_volume_ratio": 8.190027818969771e-12, "max_polyhedron_volume_ratio": 1, "avg_polyhedron_area_ratio": 0.9930747700195593, "min_polyhedron_area_ratio": 0.8094971532440204, "max_polyhedron_area_ratio": 1.2734107883657204, "dt": 34.340848445892334, "filename": "Files/polylla_semiuniform50000are2", "clean_name": "50027semiuniformare2"}