{"number": 50000, "n_points": 50027, "n_faces": 578629, "n_tetras": 285369, "n_edges": 343286, "distribution": "semiuniform", "union_method": "r", "n_polyhedrons": 89156, "n_barrier_faces": 24895, "polyhedra_with_barriers": 18064, "n_tetra_left": 14959, "n_tetra_left_rate": 16.778455740499798, "polyhedra_with_barriers_rate": 20.261115348378123, "convex_rate": 94.82592310108126, "polyhedra_with_kernel": 98.70003140562609, "avg_edge_ratio": 0.36606355696818216, "min_edge_ratio": 0.07821144466044763, "max_edge_ratio": 0.8659236580841234, "median_edge_ratio": 0.3618274738085676, "variance_edge_ratio": 0.007007394437107163, "avg_original_edge_ratio": 0.4811102141575929, "min_original_edge_ratio": 0.11039311691668381, "max_original_edge_ratio": 0.9623434817227217, "avg_tetra_per_polyhedron": 3.200592220377765, "min_tetra_per_polyhedron": 1, "max_tetra_per_polyhedron": 19, "median_tetra_per_polyhedron": 3.0, "variance_tetra_per_polyhedron": 3.734581445020067, "polyhedra_final_rate": 31.24235638769453, "avg_face_per_polyhedron": 8.40118444075553, "min_face_per_polyhedron": 4, "max_face_per_polyhedron": 40, "median_face_per_polyhedron": 8.0, "variance_face_per_polyhedron": 14.938325780080268, "avg_polyhedron_volume_ratio": 0.9659315565306411, "min_polyhedron_volume_ratio": 2.8741427762892492e-08, "max_polyhedron_volume_ratio": 1, "median_polyhedron_volume_ration": 1, "variance_polyhedron_volume_ration": 0.029474033257007603, "avg_polyhedron_area_ratio": 0.9947736681372217, "min_polyhedron_area_ratio": 0.8312887494131065, "max_polyhedron_area_ratio": 1.2394452710357615, "median_polyhedron_area_ratio": 0.9999999999999998, "variance_polyhedron_area_ratio": 0.0003450261524592433, "dt": 24.159821033477783, "filename": "Files/polylla_semiuniform50000r", "clean_name": "50027semiuniformr"}