{"number": 5000, "n_points": 5008, "n_faces": 56342, "n_tetras": 27403, "n_edges": 33946, "distribution": "poisson", "union_method": "tra", "n_polyhedrons": 9253, "n_barrier_faces": 1383, "polyhedra_with_barriers": 1213, "n_tetra_left": 1379, "n_tetra_left_rate": 14.90327461363882, "polyhedra_with_barriers_rate": 13.109261861018048, "convex_rate": 92.31600561979899, "polyhedra_with_kernel": 98.38971144493678, "avg_edge_ratio": 0.27345620891436734, "min_edge_ratio": 0.0004100530568971693, "max_edge_ratio": 0.595476230323523, "avg_original_edge_ratio": 0.3640118689470925, "min_original_edge_ratio": 0.0004100530568971693, "max_original_edge_ratio": 0.8659447938697118, "avg_tetra_per_polyhedron": 2.9615259915703014, "min_tetra_per_polyhedron": 1, "max_tetra_per_polyhedron": 13, "polyhedra_final_rate": 33.76637594423968, "avg_face_per_polyhedron": 7.923051983140603, "min_face_per_polyhedron": 4, "max_face_per_polyhedron": 28, "avg_polyhedron_volume_ratio": 0.9515784859654448, "min_polyhedron_volume_ratio": 5.985074947736093e-09, "max_polyhedron_volume_ratio": 1, "avg_polyhedron_area_ratio": 0.9867130643989294, "min_polyhedron_area_ratio": 0.6987313083411046, "max_polyhedron_area_ratio": 1.2264383156118634, "dt": 4.143417596817017, "filename": "Files/polylla_poisson5000tra", "clean_name": "5008poissontra"}