{"number": 5000, "distribution": "poisson", "union_method": "are2", "dt": 2.6657867431640625, "n_points": 5008, "n_faces": 56342, "n_tetras": 27403, "n_edges": 33946, "n_polyhedrons": 8658, "n_barrier_faces": 2128, "polyhedra_with_barriers": 1642, "n_tetra_left": 1380, "convex_rate": 93.12774312774312, "polyhedra_with_kernel": 98.56779856779858, "avg_edge_ratio": 0.2764006630730927, "min_edge_ratio": 0.0004100530568971693, "max_edge_ratio": 0.6667720039862983, "avg_tetra_per_polyhedron": 3.1647031647031647, "min_tetra_per_polyhedron": 1, "max_tetra_per_polyhedron": 19, "avg_face_per_polyhedron": 8.329406329406329, "min_face_per_polyhedron": 4, "max_face_per_polyhedron": 40, "avg_polyhedron_volume_ratio": 0.9571216285966517, "min_polyhedron_volume_ratio": 8.271252879037287e-07, "max_polyhedron_volume_ratio": 1.0000104889830266, "avg_polyhedron_area_ratio": 0.9956555506878791, "min_polyhedron_area_ratio": 0.7436006828381474, "max_polyhedron_area_ratio": 1.2195568320064774, "filename": "Files/polylla_poisson5000are2", "clean_name": "5008poissonare2"}