{"number": 5000, "n_points": 5008, "n_faces": 56342, "n_tetras": 27403, "n_edges": 33946, "distribution": "poisson", "union_method": "a", "n_polyhedrons": 9275, "n_barrier_faces": 4481, "polyhedra_with_barriers": 2465, "n_tetra_left": 2295, "n_tetra_left_rate": 24.743935309973043, "polyhedra_with_barriers_rate": 26.576819407008085, "convex_rate": 97.38005390835579, "polyhedra_with_kernel": 99.36388140161725, "avg_edge_ratio": 0.2907835381409847, "min_edge_ratio": 0.0004100530568971693, "max_edge_ratio": 0.736759057741177, "avg_original_edge_ratio": 0.3640118689470925, "min_original_edge_ratio": 0.0004100530568971693, "max_original_edge_ratio": 0.8659447938697118, "avg_tetra_per_polyhedron": 2.952237196765499, "min_tetra_per_polyhedron": 1, "max_tetra_per_polyhedron": 16, "polyhedra_final_rate": 33.84665912491333, "avg_face_per_polyhedron": 7.904474393530998, "min_face_per_polyhedron": 4, "max_face_per_polyhedron": 34, "avg_polyhedron_volume_ratio": 0.985032216606162, "min_polyhedron_volume_ratio": 5.467914832995745e-07, "max_polyhedron_volume_ratio": 1.000017110241058, "avg_polyhedron_area_ratio": 1.002282396167661, "min_polyhedron_area_ratio": 0.8964298886336677, "max_polyhedron_area_ratio": 1.3008201439996872, "dt": 6.577495813369751, "filename": "Files/polylla_poisson5000a", "clean_name": "5008poissona"}