{"number": 5000, "distribution": "poisson", "union_method": "are1", "dt": 2.8589885234832764, "n_points": 5008, "n_faces": 56342, "n_tetras": 27403, "n_edges": 33946, "n_polyhedrons": 9330, "n_barrier_faces": 4690, "polyhedra_with_barriers": 2498, "n_tetra_left": 2386, "convex_rate": 97.40621650589496, "polyhedra_with_kernel": 99.28188638799571, "avg_edge_ratio": 0.2916687603888849, "min_edge_ratio": 0.0004100530568971693, "max_edge_ratio": 0.736759057741177, "avg_tetra_per_polyhedron": 2.9361200428724543, "min_tetra_per_polyhedron": 1, "max_tetra_per_polyhedron": 16, "avg_face_per_polyhedron": 7.872240085744909, "min_face_per_polyhedron": 4, "max_face_per_polyhedron": 34, "avg_polyhedron_volume_ratio": 0.9859350002913848, "min_polyhedron_volume_ratio": 5.467914832995745e-07, "max_polyhedron_volume_ratio": 1.000017110241058, "avg_polyhedron_area_ratio": 1.00241849515906, "min_polyhedron_area_ratio": 0.8964298886336677, "max_polyhedron_area_ratio": 1.3008201439996872, "filename": "Files/polylla_poisson5000are1", "clean_name": "5008poissonare1"}