{"number": 5000, "n_points": 5008, "n_faces": 56342, "n_tetras": 27403, "n_edges": 33946, "distribution": "poisson", "union_method": "r", "n_polyhedrons": 8577, "n_barrier_faces": 2427, "polyhedra_with_barriers": 1778, "n_tetra_left": 1452, "n_tetra_left_rate": 16.928996152500876, "polyhedra_with_barriers_rate": 20.72985892503206, "convex_rate": 93.41261513349656, "polyhedra_with_kernel": 98.62422758540282, "avg_edge_ratio": 0.2784888115046035, "min_edge_ratio": 0.0004100530568971693, "max_edge_ratio": 0.6884988090388837, "avg_original_edge_ratio": 0.3640118689470925, "min_original_edge_ratio": 0.0004100530568971693, "max_original_edge_ratio": 0.8659447938697118, "avg_tetra_per_polyhedron": 3.1948233648128714, "min_tetra_per_polyhedron": 1, "max_tetra_per_polyhedron": 16, "polyhedra_final_rate": 31.29949275626756, "avg_face_per_polyhedron": 8.389646729625744, "min_face_per_polyhedron": 4, "max_face_per_polyhedron": 34, "avg_polyhedron_volume_ratio": 0.958377443828445, "min_polyhedron_volume_ratio": 1.1480578013569055e-07, "max_polyhedron_volume_ratio": 1.0000104889830266, "avg_polyhedron_area_ratio": 0.9974522404718369, "min_polyhedron_area_ratio": 0.8226403853801795, "max_polyhedron_area_ratio": 1.2195568320064774, "dt": 1.0340218544006348, "filename": "Files/polylla_poisson5000r", "clean_name": "5008poissonr"}