{"number": 50000, "n_points": 50113, "n_faces": 616160, "n_tetras": 304648, "n_edges": 361624, "distribution": "poisson", "union_method": "tra", "n_polyhedrons": 100450, "n_barrier_faces": 15710, "polyhedra_with_barriers": 13626, "n_tetra_left": 11962, "n_tetra_left_rate": 11.908412145345944, "polyhedra_with_barriers_rate": 13.564957690393232, "convex_rate": 92.80736684917869, "polyhedra_with_kernel": 98.1901443504231, "avg_edge_ratio": 0.29353132747314775, "min_edge_ratio": 0.007566436349822677, "max_edge_ratio": 0.6741839046339135, "avg_original_edge_ratio": 0.3814091611380128, "min_original_edge_ratio": 0.008792132571484024, "max_original_edge_ratio": 0.9355313184313065, "avg_tetra_per_polyhedron": 3.032623195619711, "min_tetra_per_polyhedron": 1, "max_tetra_per_polyhedron": 17, "polyhedra_final_rate": 32.972479714293215, "avg_face_per_polyhedron": 8.065246391239423, "min_face_per_polyhedron": 4, "max_face_per_polyhedron": 36, "avg_polyhedron_volume_ratio": 0.9542528635580134, "min_polyhedron_volume_ratio": 8.561705523265136e-10, "max_polyhedron_volume_ratio": 1.000017780569022, "avg_polyhedron_area_ratio": 0.9851834089791691, "min_polyhedron_area_ratio": 0.7056701412933924, "max_polyhedron_area_ratio": 1.3428697161458745, "dt": 48.899561166763306, "filename": "Files/polylla_poisson50000tra", "clean_name": "50113poissontra"}