{"number": 50000, "n_points": 50113, "n_faces": 616160, "n_tetras": 304648, "n_edges": 361624, "distribution": "poisson", "union_method": "are2", "n_polyhedrons": 95743, "n_barrier_faces": 23329, "polyhedra_with_barriers": 18202, "n_tetra_left": 14509, "n_tetra_left_rate": 15.154110483272929, "polyhedra_with_barriers_rate": 19.01131153191356, "convex_rate": 93.62355472462738, "polyhedra_with_kernel": 98.32781508830932, "avg_edge_ratio": 0.2979679805472288, "min_edge_ratio": 0.007566436349822677, "max_edge_ratio": 0.7557359760146205, "avg_original_edge_ratio": 0.3814091611380128, "min_original_edge_ratio": 0.008792132571484024, "max_original_edge_ratio": 0.9355313184313065, "avg_tetra_per_polyhedron": 3.1812874048233293, "min_tetra_per_polyhedron": 1, "max_tetra_per_polyhedron": 19, "polyhedra_final_rate": 31.42741787242982, "avg_face_per_polyhedron": 8.362574809646658, "min_face_per_polyhedron": 4, "max_face_per_polyhedron": 40, "avg_polyhedron_volume_ratio": 0.9597295202064968, "min_polyhedron_volume_ratio": 8.597034076328126e-10, "max_polyhedron_volume_ratio": 1.000017780569022, "avg_polyhedron_area_ratio": 0.9947429849176034, "min_polyhedron_area_ratio": 0.759235815711521, "max_polyhedron_area_ratio": 1.302207164689434, "dt": 36.06825661659241, "filename": "Files/polylla_poisson50000are2", "clean_name": "50113poissonare2"}