{"number": 50000, "n_points": 50113, "n_faces": 616160, "n_tetras": 304648, "n_edges": 361624, "distribution": "poisson", "union_method": "r", "n_polyhedrons": 95631, "n_barrier_faces": 26063, "polyhedra_with_barriers": 19497, "n_tetra_left": 15629, "n_tetra_left_rate": 16.343026842760192, "polyhedra_with_barriers_rate": 20.38774037707438, "convex_rate": 94.46309251184239, "polyhedra_with_kernel": 98.60296347418725, "avg_edge_ratio": 0.2999867389775456, "min_edge_ratio": 0.008756086969086125, "max_edge_ratio": 0.7557359760146205, "avg_original_edge_ratio": 0.3814091611380128, "min_original_edge_ratio": 0.008792132571484024, "max_original_edge_ratio": 0.9355313184313065, "avg_tetra_per_polyhedron": 3.185347847455323, "min_tetra_per_polyhedron": 1, "max_tetra_per_polyhedron": 19, "polyhedra_final_rate": 31.390654131981826, "avg_face_per_polyhedron": 8.370695694910646, "min_face_per_polyhedron": 4, "max_face_per_polyhedron": 40, "avg_polyhedron_volume_ratio": 0.964777674474203, "min_polyhedron_volume_ratio": 1.6751150755155287e-09, "max_polyhedron_volume_ratio": 1.000017780569022, "avg_polyhedron_area_ratio": 0.9967486123484699, "min_polyhedron_area_ratio": 0.7592358157115212, "max_polyhedron_area_ratio": 1.302207164689434, "dt": 24.23314881324768, "filename": "Files/polylla_poisson50000r", "clean_name": "50113poissonr"}