{"number": 50000, "n_points": 50113, "n_faces": 616160, "n_tetras": 304648, "n_edges": 361624, "distribution": "poisson", "union_method": "are1", "n_polyhedrons": 105483, "n_barrier_faces": 51606, "polyhedra_with_barriers": 28483, "n_tetra_left": 27362, "n_tetra_left_rate": 25.939724884578556, "polyhedra_with_barriers_rate": 27.00245537195567, "convex_rate": 98.3267445939156, "polyhedra_with_kernel": 99.54684641127007, "avg_edge_ratio": 0.31288814552799293, "min_edge_ratio": 0.008792132571484024, "max_edge_ratio": 0.7939393672987229, "avg_original_edge_ratio": 0.3814091611380128, "min_original_edge_ratio": 0.008792132571484024, "max_original_edge_ratio": 0.9355313184313065, "avg_tetra_per_polyhedron": 2.8875079396680032, "min_tetra_per_polyhedron": 1, "max_tetra_per_polyhedron": 16, "polyhedra_final_rate": 34.624550300674876, "avg_face_per_polyhedron": 7.7750158793360065, "min_face_per_polyhedron": 4, "max_face_per_polyhedron": 34, "avg_polyhedron_volume_ratio": 0.9893370106749192, "min_polyhedron_volume_ratio": 1.8288921627097908e-08, "max_polyhedron_volume_ratio": 1.000018808357263, "avg_polyhedron_area_ratio": 1.0020252239667853, "min_polyhedron_area_ratio": 0.9043272491386346, "max_polyhedron_area_ratio": 1.3201808803011392, "dt": 36.35843324661255, "filename": "Files/polylla_poisson50000are1", "clean_name": "50113poissonare1"}