{"number": 50000, "n_points": 50113, "n_faces": 616160, "n_tetras": 304648, "n_edges": 361624, "distribution": "poisson", "union_method": "a", "n_polyhedrons": 104854, "n_barrier_faces": 49598, "polyhedra_with_barriers": 28075, "n_tetra_left": 26613, "n_tetra_left_rate": 25.381005970206193, "polyhedra_with_barriers_rate": 26.775325690960766, "convex_rate": 98.21466038491616, "polyhedra_with_kernel": 99.51551681385546, "avg_edge_ratio": 0.31242868101494997, "min_edge_ratio": 0.008792132571484024, "max_edge_ratio": 0.7939393672987229, "avg_original_edge_ratio": 0.3814091611380128, "min_original_edge_ratio": 0.008792132571484024, "max_original_edge_ratio": 0.9355313184313065, "avg_tetra_per_polyhedron": 2.904972628607397, "min_tetra_per_polyhedron": 1, "max_tetra_per_polyhedron": 17, "polyhedra_final_rate": 34.41808250833749, "avg_face_per_polyhedron": 7.809945257214794, "min_face_per_polyhedron": 4, "max_face_per_polyhedron": 36, "avg_polyhedron_volume_ratio": 0.9887026098898553, "min_polyhedron_volume_ratio": 1.8288921627097908e-08, "max_polyhedron_volume_ratio": 1.000018808357263, "avg_polyhedron_area_ratio": 1.0018606974449211, "min_polyhedron_area_ratio": 0.9043272491386347, "max_polyhedron_area_ratio": 1.3201808803011392, "dt": 34.831356048583984, "filename": "Files/polylla_poisson50000a", "clean_name": "50113poissona"}