{"number": 5000, "distribution": "semiuniform", "union_method": "are1", "dt": 2.638869524002075, "n_points": 5030, "n_faces": 53568, "n_tetras": 25986, "n_edges": 32611, "n_polyhedrons": 8733, "n_barrier_faces": 3548, "polyhedra_with_barriers": 2258, "n_tetra_left": 1988, "convex_rate": 97.49227069735487, "polyhedra_with_kernel": 99.40455742585594, "avg_edge_ratio": 0.37286762242400817, "min_edge_ratio": 0.11212728358914666, "max_edge_ratio": 0.7876842115059643, "avg_tetra_per_polyhedron": 2.9754952479102257, "min_tetra_per_polyhedron": 1, "max_tetra_per_polyhedron": 15, "avg_face_per_polyhedron": 7.950990495820451, "min_face_per_polyhedron": 4, "max_face_per_polyhedron": 32, "avg_polyhedron_volume_ratio": 0.983137740365461, "min_polyhedron_volume_ratio": 2.3692056621623327e-07, "max_polyhedron_volume_ratio": 1, "avg_polyhedron_area_ratio": 0.9988033955052874, "min_polyhedron_area_ratio": 0.9095037879034413, "max_polyhedron_area_ratio": 1.1909289748603407, "filename": "Files/polylla_semiuniform5000are1", "clean_name": "5030semiuniformare1"}