{"number": 5000, "n_points": 5030, "n_faces": 53568, "n_tetras": 25986, "n_edges": 32611, "distribution": "semiuniform", "union_method": "are1", "n_polyhedrons": 8733, "n_barrier_faces": 3548, "polyhedra_with_barriers": 2258, "n_tetra_left": 1988, "n_tetra_left_rate": 22.76422764227642, "polyhedra_with_barriers_rate": 25.85594870033208, "convex_rate": 97.49227069735487, "polyhedra_with_kernel": 99.40455742585594, "avg_edge_ratio": 0.37286762242400817, "min_edge_ratio": 0.11212728358914666, "max_edge_ratio": 0.7876842115059643, "median_edge_ratio": 0.3689477876563491, "variance_edge_ratio": 0.007941919804541158, "avg_original_edge_ratio": 0.47526987987166086, "min_original_edge_ratio": 0.12876936397778327, "max_original_edge_ratio": 0.9322045914233537, "avg_tetra_per_polyhedron": 2.9754952479102257, "min_tetra_per_polyhedron": 1, "max_tetra_per_polyhedron": 15, "median_tetra_per_polyhedron": 3, "variance_tetra_per_polyhedron": 3.3221204744677952, "polyhedra_final_rate": 33.60655737704918, "avg_face_per_polyhedron": 7.950990495820451, "min_face_per_polyhedron": 4, "max_face_per_polyhedron": 32, "median_face_per_polyhedron": 8, "variance_face_per_polyhedron": 13.288481897871181, "avg_polyhedron_volume_ratio": 0.983137740365461, "min_polyhedron_volume_ratio": 2.3692056621623327e-07, "max_polyhedron_volume_ratio": 1, "median_polyhedron_volume_ration": 1, "variance_polyhedron_volume_ration": 0.015001251811379327, "avg_polyhedron_area_ratio": 0.9988033955052874, "min_polyhedron_area_ratio": 0.9095037879034413, "max_polyhedron_area_ratio": 1.1909289748603407, "median_polyhedron_area_ratio": 1.0, "variance_polyhedron_area_ratio": 0.00015912219167744677, "dt": 3.912649154663086, "filename": "Files/polylla_semiuniform5000are1", "clean_name": "5030semiuniformare1"}