{"number": 5000, "n_points": 5030, "n_faces": 53568, "n_tetras": 25986, "n_edges": 32611, "distribution": "semiuniform", "union_method": "are2", "n_polyhedrons": 8253, "n_barrier_faces": 1917, "polyhedra_with_barriers": 1455, "n_tetra_left": 1363, "n_tetra_left_rate": 16.51520659154247, "polyhedra_with_barriers_rate": 17.629952744456563, "convex_rate": 94.18393311523083, "polyhedra_with_kernel": 98.64291772688719, "avg_edge_ratio": 0.3579091688365287, "min_edge_ratio": 0.11212728358914666, "max_edge_ratio": 0.7401898350287397, "avg_original_edge_ratio": 0.47526987987166086, "min_original_edge_ratio": 0.12876936397778327, "max_original_edge_ratio": 0.9322045914233537, "avg_tetra_per_polyhedron": 3.1485520416818127, "min_tetra_per_polyhedron": 1, "max_tetra_per_polyhedron": 19, "polyhedra_final_rate": 31.759408912491345, "avg_face_per_polyhedron": 8.297104083363624, "min_face_per_polyhedron": 4, "max_face_per_polyhedron": 40, "avg_polyhedron_volume_ratio": 0.961860513689508, "min_polyhedron_volume_ratio": 1.1308415205221353e-05, "max_polyhedron_volume_ratio": 1, "avg_polyhedron_area_ratio": 0.9940382150990713, "min_polyhedron_area_ratio": 0.8383762273397862, "max_polyhedron_area_ratio": 1.1896271726725625, "dt": 2.9955849647521973, "filename": "Files/polylla_semiuniform5000are2", "clean_name": "5030semiuniformare2"}