{"number": 5000, "n_points": 5030, "n_faces": 53568, "n_tetras": 25986, "n_edges": 32611, "distribution": "semiuniform", "union_method": "are1", "n_polyhedrons": 8042, "n_barrier_faces": 1404, "polyhedra_with_barriers": 1019, "n_tetra_left": 1299, "n_tetra_left_rate": 16.152698333747825, "polyhedra_with_barriers_rate": 12.670977368813727, "convex_rate": 85.74981347923402, "polyhedra_with_kernel": 95.87167371300671, "avg_edge_ratio": 0.3937970646527784, "min_edge_ratio": 0.11436971802879084, "max_edge_ratio": 0.8810925886203446, "avg_original_edge_ratio": 0.47526987987166086, "min_original_edge_ratio": 0.12876936397778327, "max_original_edge_ratio": 0.9322045914233537, "avg_tetra_per_polyhedron": 3.2299179308629693, "min_tetra_per_polyhedron": 1, "max_tetra_per_polyhedron": 16, "polyhedra_final_rate": 30.947433233279458, "avg_face_per_polyhedron": 8.459835861725939, "min_face_per_polyhedron": 4, "max_face_per_polyhedron": 34, "avg_polyhedron_volume_ratio": 0.906760699852476, "min_polyhedron_volume_ratio": 2.227647667136528e-11, "max_polyhedron_volume_ratio": 1.0000060095123373, "avg_polyhedron_area_ratio": 0.9722443271366075, "min_polyhedron_area_ratio": 0.7407549878995103, "max_polyhedron_area_ratio": 1.2155455280992253, "dt": 2.7284348011016846, "filename": "Files/polylla_semiuniform5000are1", "clean_name": "5030semiuniformare1"}