{"number": 5000, "n_points": 5030, "n_faces": 53568, "n_tetras": 25986, "n_edges": 32611, "distribution": "semiuniform", "union_method": "r", "n_polyhedrons": 8234, "n_barrier_faces": 2177, "polyhedra_with_barriers": 1591, "n_tetra_left": 1426, "n_tetra_left_rate": 17.318435754189945, "polyhedra_with_barriers_rate": 19.32232207918387, "convex_rate": 95.14209375759047, "polyhedra_with_kernel": 98.95555015788196, "avg_edge_ratio": 0.36134680389275836, "min_edge_ratio": 0.11212728358914666, "max_edge_ratio": 0.7167931227445843, "avg_original_edge_ratio": 0.47526987987166086, "min_original_edge_ratio": 0.12876936397778327, "max_original_edge_ratio": 0.9322045914233537, "avg_tetra_per_polyhedron": 3.1558173427252854, "min_tetra_per_polyhedron": 1, "max_tetra_per_polyhedron": 19, "polyhedra_final_rate": 31.686292619102595, "avg_face_per_polyhedron": 8.31163468545057, "min_face_per_polyhedron": 4, "max_face_per_polyhedron": 40, "avg_polyhedron_volume_ratio": 0.967587612010649, "min_polyhedron_volume_ratio": 1.429292658353868e-05, "max_polyhedron_volume_ratio": 1, "avg_polyhedron_area_ratio": 0.9953534496369133, "min_polyhedron_area_ratio": 0.8302535436099591, "max_polyhedron_area_ratio": 1.1797958954294403, "dt": 1.5014395713806152, "filename": "Files/polylla_semiuniform5000r", "clean_name": "5030semiuniformr"}