{"number": 5000, "n_points": 5030, "n_faces": 53568, "n_tetras": 25986, "n_edges": 32611, "distribution": "semiuniform", "union_method": "tra", "n_polyhedrons": 8663, "n_barrier_faces": 1244, "polyhedra_with_barriers": 1033, "n_tetra_left": 1444, "n_tetra_left_rate": 16.668590557543574, "polyhedra_with_barriers_rate": 11.924275655084845, "convex_rate": 93.21251298626342, "polyhedra_with_kernel": 98.56862518757936, "avg_edge_ratio": 0.3562033391871203, "min_edge_ratio": 0.11212728358914666, "max_edge_ratio": 0.7382562134426923, "median_edge_ratio": 0.3524616003610045, "variance_edge_ratio": 0.006671743203413452, "avg_original_edge_ratio": 0.47526987987166086, "min_original_edge_ratio": 0.12876936397778327, "max_original_edge_ratio": 0.9322045914233537, "avg_tetra_per_polyhedron": 2.999653699642156, "min_tetra_per_polyhedron": 1, "max_tetra_per_polyhedron": 17, "median_tetra_per_polyhedron": 3, "variance_tetra_per_polyhedron": 2.8625027662316933, "polyhedra_final_rate": 33.33718155930116, "avg_face_per_polyhedron": 7.999307399284312, "min_face_per_polyhedron": 4, "max_face_per_polyhedron": 36, "median_face_per_polyhedron": 8, "variance_face_per_polyhedron": 11.450011064926773, "avg_polyhedron_volume_ratio": 0.954978128148639, "min_polyhedron_volume_ratio": 4.253399091911446e-08, "max_polyhedron_volume_ratio": 1, "median_polyhedron_volume_ration": 1, "variance_polyhedron_volume_ration": 0.037894527896559616, "avg_polyhedron_area_ratio": 0.9877882364607891, "min_polyhedron_area_ratio": 0.8083371822683808, "max_polyhedron_area_ratio": 1.1889443347340898, "median_polyhedron_area_ratio": 0.9999134706971475, "variance_polyhedron_area_ratio": 0.0008182223002230794, "dt": 4.758647441864014, "filename": "Files/polylla_semiuniform5000tra", "clean_name": "5030semiuniformtra"}