{"number": 5000, "distribution": "semiuniform", "union_method": "r", "dt": 1.4007301330566406, "n_points": 5030, "n_faces": 53568, "n_tetras": 25986, "n_edges": 32611, "n_polyhedrons": 8234, "n_barrier_faces": 2177, "polyhedra_with_barriers": 1591, "n_tetra_left": 1426, "convex_rate": 95.14209375759047, "polyhedra_with_kernel": 98.95555015788196, "avg_edge_ratio": 0.36134680389275836, "min_edge_ratio": 0.11212728358914666, "max_edge_ratio": 0.7167931227445843, "avg_tetra_per_polyhedron": 3.1558173427252854, "min_tetra_per_polyhedron": 1, "max_tetra_per_polyhedron": 19, "avg_face_per_polyhedron": 8.31163468545057, "min_face_per_polyhedron": 4, "max_face_per_polyhedron": 40, "avg_polyhedron_volume_ratio": 0.967587612010649, "min_polyhedron_volume_ratio": 1.429292658353868e-05, "max_polyhedron_volume_ratio": 1, "avg_polyhedron_area_ratio": 0.9953534496369133, "min_polyhedron_area_ratio": 0.8302535436099591, "max_polyhedron_area_ratio": 1.1797958954294403, "filename": "Files/polylla_semiuniform5000r", "clean_name": "5030semiuniformr"}