{"number": 5000, "n_points": 5030, "n_faces": 53568, "n_tetras": 25986, "n_edges": 32611, "distribution": "semiuniform", "union_method": "are1", "n_polyhedrons": 8036, "n_barrier_faces": 1415, "polyhedra_with_barriers": 1022, "n_tetra_left": 1260, "n_tetra_left_rate": 15.6794425087108, "polyhedra_with_barriers_rate": 12.717770034843207, "convex_rate": 85.85116973618716, "polyhedra_with_kernel": 96.34146341463415, "avg_edge_ratio": 0.3973762362738441, "min_edge_ratio": 0.11436971802879084, "max_edge_ratio": 0.8810925886203446, "avg_original_edge_ratio": 0.47526987987166086, "min_original_edge_ratio": 0.12876936397778327, "max_original_edge_ratio": 0.9322045914233537, "avg_tetra_per_polyhedron": 3.232453957192633, "min_tetra_per_polyhedron": 1, "max_tetra_per_polyhedron": 16, "polyhedra_final_rate": 30.924343877472488, "avg_face_per_polyhedron": 8.464907914385266, "min_face_per_polyhedron": 4, "max_face_per_polyhedron": 34, "avg_polyhedron_volume_ratio": 0.9029849241685325, "min_polyhedron_volume_ratio": 1.4103968552557913e-08, "max_polyhedron_volume_ratio": 1.0000060095123373, "avg_polyhedron_area_ratio": 0.972027803632501, "min_polyhedron_area_ratio": 0.7428731690662694, "max_polyhedron_area_ratio": 1.1988719849883873, "dt": 3.050447702407837, "filename": "Files/polylla_semiuniform5000are1", "clean_name": "5030semiuniformare1"}