{"number": 5000, "n_points": 5030, "n_faces": 53568, "n_tetras": 25986, "n_edges": 32611, "distribution": "semiuniform", "union_method": "are2", "n_polyhedrons": 8718, "n_barrier_faces": 1726, "polyhedra_with_barriers": 1483, "n_tetra_left": 1246, "n_tetra_left_rate": 14.292268869006651, "polyhedra_with_barriers_rate": 17.010782289515944, "convex_rate": 94.0467997247075, "polyhedra_with_kernel": 98.65794907088782, "avg_edge_ratio": 0.41315360010462415, "min_edge_ratio": 0.11646417488444752, "max_edge_ratio": 0.8141676606736918, "avg_original_edge_ratio": 0.47526987987166086, "min_original_edge_ratio": 0.12876936397778327, "max_original_edge_ratio": 0.9322045914233537, "avg_tetra_per_polyhedron": 2.9807295251204406, "min_tetra_per_polyhedron": 1, "max_tetra_per_polyhedron": 12, "polyhedra_final_rate": 33.548833987531744, "avg_face_per_polyhedron": 7.961459050240881, "min_face_per_polyhedron": 4, "max_face_per_polyhedron": 26, "avg_polyhedron_volume_ratio": 0.9606017257994389, "min_polyhedron_volume_ratio": 9.984928349972124e-12, "max_polyhedron_volume_ratio": 1.0000060095123373, "avg_polyhedron_area_ratio": 0.9930004079198134, "min_polyhedron_area_ratio": 0.832174142299445, "max_polyhedron_area_ratio": 1.2666553580573736, "dt": 2.770084857940674, "filename": "Files/polylla_semiuniform5000are2", "clean_name": "5030semiuniformare2"}