{"number": 5000, "n_points": 5030, "n_faces": 53568, "n_tetras": 25986, "n_edges": 32611, "distribution": "semiuniform", "union_method": "are2", "n_polyhedrons": 8037, "n_barrier_faces": 1416, "polyhedra_with_barriers": 1022, "n_tetra_left": 1259, "n_tetra_left_rate": 15.665049147691926, "polyhedra_with_barriers_rate": 12.71618763220107, "convex_rate": 85.85293019783501, "polyhedra_with_kernel": 96.34191862635312, "avg_edge_ratio": 0.39730383003077946, "min_edge_ratio": 0.11436971802879084, "max_edge_ratio": 0.8810925886203446, "avg_original_edge_ratio": 0.47526987987166086, "min_original_edge_ratio": 0.12876936397778327, "max_original_edge_ratio": 0.9322045914233537, "avg_tetra_per_polyhedron": 3.2320517606071917, "min_tetra_per_polyhedron": 1, "max_tetra_per_polyhedron": 16, "polyhedra_final_rate": 30.928192103440317, "avg_face_per_polyhedron": 8.464103521214383, "min_face_per_polyhedron": 4, "max_face_per_polyhedron": 34, "avg_polyhedron_volume_ratio": 0.9030200444093351, "min_polyhedron_volume_ratio": 1.4103968552557913e-08, "max_polyhedron_volume_ratio": 1.0000060095123373, "avg_polyhedron_area_ratio": 0.9720140659165571, "min_polyhedron_area_ratio": 0.7428731690662694, "max_polyhedron_area_ratio": 1.1988719849883873, "dt": 2.978546380996704, "filename": "Files/polylla_semiuniform5000are2", "clean_name": "5030semiuniformare2"}