{"number": 5000, "n_points": 5030, "n_faces": 53568, "n_tetras": 25986, "n_edges": 32611, "distribution": "semiuniform", "union_method": "tra", "n_polyhedrons": 8044, "n_barrier_faces": 1413, "polyhedra_with_barriers": 1022, "n_tetra_left": 1260, "n_tetra_left_rate": 15.663848831427153, "polyhedra_with_barriers_rate": 12.705121829935356, "convex_rate": 85.90253605171556, "polyhedra_with_kernel": 96.40726006961711, "avg_edge_ratio": 0.3974992004408445, "min_edge_ratio": 0.11436971802879084, "max_edge_ratio": 0.8810925886203446, "avg_original_edge_ratio": 0.47526987987166086, "min_original_edge_ratio": 0.12876936397778327, "max_original_edge_ratio": 0.9322045914233537, "avg_tetra_per_polyhedron": 3.2292391844853308, "min_tetra_per_polyhedron": 1, "max_tetra_per_polyhedron": 16, "polyhedra_final_rate": 30.955129685215116, "avg_face_per_polyhedron": 8.458478368970662, "min_face_per_polyhedron": 4, "max_face_per_polyhedron": 34, "avg_polyhedron_volume_ratio": 0.9029337536314891, "min_polyhedron_volume_ratio": 1.4103968552557913e-08, "max_polyhedron_volume_ratio": 1.0000060095123373, "avg_polyhedron_area_ratio": 0.9720927603677179, "min_polyhedron_area_ratio": 0.7428731690662694, "max_polyhedron_area_ratio": 1.1988719849883873, "dt": 4.104480504989624, "filename": "Files/polylla_semiuniform5000tra", "clean_name": "5030semiuniformtra"}