{"number": 5000, "n_points": 5030, "n_faces": 53568, "n_tetras": 25986, "n_edges": 32611, "distribution": "semiuniform", "union_method": "a", "n_polyhedrons": 8655, "n_barrier_faces": 3413, "polyhedra_with_barriers": 2210, "n_tetra_left": 1932, "n_tetra_left_rate": 22.322357019064125, "polyhedra_with_barriers_rate": 25.534373194685152, "convex_rate": 97.37723859041016, "polyhedra_with_kernel": 99.32986712882726, "avg_edge_ratio": 0.37215417871907225, "min_edge_ratio": 0.11212728358914666, "max_edge_ratio": 0.7876842115059643, "median_edge_ratio": 0.3681186108985535, "variance_edge_ratio": 0.007938343465028254, "avg_original_edge_ratio": 0.47526987987166086, "min_original_edge_ratio": 0.12876936397778327, "max_original_edge_ratio": 0.9322045914233537, "avg_tetra_per_polyhedron": 3.0021952628538418, "min_tetra_per_polyhedron": 1, "max_tetra_per_polyhedron": 15, "median_tetra_per_polyhedron": 3, "variance_tetra_per_polyhedron": 3.397614778137945, "polyhedra_final_rate": 33.30639575155853, "avg_face_per_polyhedron": 8.004390525707683, "min_face_per_polyhedron": 4, "max_face_per_polyhedron": 32, "median_face_per_polyhedron": 8, "variance_face_per_polyhedron": 13.59045911255178, "avg_polyhedron_volume_ratio": 0.9827845930879887, "min_polyhedron_volume_ratio": 2.3692056621623327e-07, "max_polyhedron_volume_ratio": 1, "median_polyhedron_volume_ration": 1, "variance_polyhedron_volume_ration": 0.01526625422529617, "avg_polyhedron_area_ratio": 0.998686190327372, "min_polyhedron_area_ratio": 0.9073693627336009, "max_polyhedron_area_ratio": 1.1909289748603407, "median_polyhedron_area_ratio": 1.0, "variance_polyhedron_area_ratio": 0.00016714483301000487, "dt": 3.597177505493164, "filename": "Files/polylla_semiuniform5000a", "clean_name": "5030semiuniforma"}