{"number": 50000, "n_points": 50653, "n_faces": 567648, "n_tetras": 279936, "n_edges": 338364, "distribution": "uniform", "union_method": "are1", "n_polyhedrons": 93829, "n_barrier_faces": 8998, "polyhedra_with_barriers": 8998, "n_tetra_left": 2362, "n_tetra_left_rate": 2.5173453836234, "polyhedra_with_barriers_rate": 9.589785673938762, "convex_rate": 100.0, "polyhedra_with_kernel": 100.0, "avg_edge_ratio": 0.33333333333333287, "min_edge_ratio": 0.33333333333333154, "max_edge_ratio": 0.33333333333333337, "avg_original_edge_ratio": 0.33333333333333287, "min_original_edge_ratio": 0.33333333333333154, "max_original_edge_ratio": 0.33333333333333337, "avg_tetra_per_polyhedron": 2.9813597075531018, "min_tetra_per_polyhedron": 1, "max_tetra_per_polyhedron": 5, "polyhedra_final_rate": 33.51801840420667, "avg_face_per_polyhedron": 7.9627194151062035, "min_face_per_polyhedron": 4, "max_face_per_polyhedron": 12, "avg_polyhedron_volume_ratio": 1, "min_polyhedron_volume_ratio": 1, "max_polyhedron_volume_ratio": 1, "avg_polyhedron_area_ratio": 1.002812766517651, "min_polyhedron_area_ratio": 0.9999999999999997, "max_polyhedron_area_ratio": 1.0690355937288494, "dt": 33.74334526062012, "filename": "Files/polylla_uniform50000are1", "clean_name": "50653uniformare1"}