{"number": 1000, "distribution": "random", "union_method": "a", "dt": 0.36896610260009766, "n_points": 994, "n_faces": 10433, "n_tetras": 4984, "n_edges": 6442, "n_polyhedrons": 1460, "n_barrier_faces": 961, "polyhedra_with_barriers": 366, "n_tetra_left": 365, "convex_rate": 0.9095890410958904, "polyhedra_with_kernel": 97.94520547945206, "avg_edge_ratio": 0.08861525654232096, "min_edge_ratio": 2.2476271138203415e-05, "max_edge_ratio": 0.500406121626004, "avg_tetra_per_polyhedron": 3.3876712328767122, "min_tetra_per_polyhedron": 1, "max_tetra_per_polyhedron": 20, "avg_face_per_polyhedron": 8.775342465753425, "min_face_per_polyhedron": 4, "max_face_per_polyhedron": 42, "avg_polyhedron_volume_ratio": 0.95040326543174, "min_polyhedron_volume_ratio": 3.137182033709479e-05, "max_polyhedron_volume_ratio": 1.0000036323960697, "avg_polyhedron_area_ratio": 1.0042277726285567, "min_polyhedron_area_ratio": 0.9378253485361777, "max_polyhedron_area_ratio": 1.181481331197652, "filename": "Files/polylla_random1000a", "clean_name": "994randoma"}