{"number": 1000, "n_points": 994, "n_faces": 10433, "n_tetras": 4984, "n_edges": 6442, "distribution": "random", "union_method": "are1", "n_polyhedrons": 1470, "n_barrier_faces": 985, "polyhedra_with_barriers": 364, "n_tetra_left": 363, "n_tetra_left_rate": 24.693877551020407, "polyhedra_with_barriers_rate": 24.761904761904763, "convex_rate": 91.36054421768708, "polyhedra_with_kernel": 98.02721088435375, "avg_edge_ratio": 0.08782864578834765, "min_edge_ratio": 2.2476271138203415e-05, "max_edge_ratio": 0.500406121626004, "median_edge_ratio": 0.06384406650959437, "variance_edge_ratio": 0.006898601579953639, "avg_original_edge_ratio": 0.19756781573468657, "min_original_edge_ratio": 2.6375427105042896e-05, "max_original_edge_ratio": 0.8973322627589113, "avg_tetra_per_polyhedron": 3.3904761904761904, "min_tetra_per_polyhedron": 1, "max_tetra_per_polyhedron": 20, "median_tetra_per_polyhedron": 3.0, "variance_tetra_per_polyhedron": 6.533605627410937, "polyhedra_final_rate": 29.49438202247191, "avg_face_per_polyhedron": 8.780952380952382, "min_face_per_polyhedron": 4, "max_face_per_polyhedron": 42, "median_face_per_polyhedron": 8.0, "variance_face_per_polyhedron": 26.13442250964375, "avg_polyhedron_volume_ratio": 0.9523779184137502, "min_polyhedron_volume_ratio": 2.1056749686884115e-05, "max_polyhedron_volume_ratio": 1.0000036323960697, "median_polyhedron_volume_ration": 1, "variance_polyhedron_volume_ration": 0.037483300664124544, "avg_polyhedron_area_ratio": 1.0044189385657871, "min_polyhedron_area_ratio": 0.9538605285472301, "max_polyhedron_area_ratio": 1.205551135004608, "median_polyhedron_area_ratio": 1.0, "variance_polyhedron_area_ratio": 0.00041837220871451195, "dt": 0.6375651359558105, "filename": "Files/polylla_random1000are1", "clean_name": "994randomare1"}