{"number": 1000, "distribution": "random", "union_method": "are2", "dt": 0.3763160705566406, "n_points": 994, "n_faces": 10433, "n_tetras": 4984, "n_edges": 6442, "n_polyhedrons": 1481, "n_barrier_faces": 409, "polyhedra_with_barriers": 294, "n_tetra_left": 277, "convex_rate": 0.8649561107359892, "polyhedra_with_kernel": 96.35381498987171, "avg_edge_ratio": 0.08687658261314297, "min_edge_ratio": 2.6375427105042896e-05, "max_edge_ratio": 0.500406121626004, "avg_tetra_per_polyhedron": 3.352464550979068, "min_tetra_per_polyhedron": 1, "max_tetra_per_polyhedron": 18, "avg_face_per_polyhedron": 8.704929101958136, "min_face_per_polyhedron": 4, "max_face_per_polyhedron": 38, "avg_polyhedron_volume_ratio": 0.925456148263518, "min_polyhedron_volume_ratio": 2.2007751874218977e-05, "max_polyhedron_volume_ratio": 1.0000063055518233, "avg_polyhedron_area_ratio": 0.9920641486442218, "min_polyhedron_area_ratio": 0.5971741418720239, "max_polyhedron_area_ratio": 1.2155646253157937, "filename": "Files/polylla_random1000are2", "clean_name": "994randomare2"}