{"number": 1000, "n_points": 994, "n_faces": 10433, "n_tetras": 4984, "n_edges": 6442, "distribution": "random", "union_method": "r", "n_polyhedrons": 1442, "n_barrier_faces": 453, "polyhedra_with_barriers": 298, "n_tetra_left": 283, "n_tetra_left_rate": 19.625520110957005, "polyhedra_with_barriers_rate": 20.665742024965326, "convex_rate": 85.92233009708737, "polyhedra_with_kernel": 96.46324549237171, "avg_edge_ratio": 0.08741972780644938, "min_edge_ratio": 2.6375427105042896e-05, "max_edge_ratio": 0.500406121626004, "avg_original_edge_ratio": 0.19756781573468657, "min_original_edge_ratio": 2.6375427105042896e-05, "max_original_edge_ratio": 0.8973322627589113, "avg_tetra_per_polyhedron": 3.4479889042995837, "min_tetra_per_polyhedron": 1, "max_tetra_per_polyhedron": 22, "polyhedra_final_rate": 28.932584269662918, "avg_face_per_polyhedron": 8.895977808599168, "min_face_per_polyhedron": 4, "max_face_per_polyhedron": 46, "avg_polyhedron_volume_ratio": 0.9188557193569015, "min_polyhedron_volume_ratio": 2.469817929913602e-05, "max_polyhedron_volume_ratio": 1.0000046121230735, "avg_polyhedron_area_ratio": 0.9952465210338167, "min_polyhedron_area_ratio": 0.5357470665738339, "max_polyhedron_area_ratio": 1.236732721334576, "dt": 0.6717591285705566, "filename": "Files/polylla_random1000r", "clean_name": "994randomr"}