{"number": 1000, "n_points": 994, "n_faces": 10433, "n_tetras": 4984, "n_edges": 6442, "distribution": "random", "union_method": "tra", "n_polyhedrons": 1594, "n_barrier_faces": 292, "polyhedra_with_barriers": 237, "n_tetra_left": 252, "n_tetra_left_rate": 15.809284818067754, "polyhedra_with_barriers_rate": 14.868255959849435, "convex_rate": 87.70388958594731, "polyhedra_with_kernel": 98.18067754077792, "avg_edge_ratio": 0.08463086895820782, "min_edge_ratio": 2.609033334553777e-05, "max_edge_ratio": 0.4897138262518152, "avg_original_edge_ratio": 0.19756781573468657, "min_original_edge_ratio": 2.6375427105042896e-05, "max_original_edge_ratio": 0.8973322627589113, "avg_tetra_per_polyhedron": 3.1267252195734003, "min_tetra_per_polyhedron": 1, "max_tetra_per_polyhedron": 14, "polyhedra_final_rate": 31.98234349919743, "avg_face_per_polyhedron": 8.2534504391468, "min_face_per_polyhedron": 4, "max_face_per_polyhedron": 30, "avg_polyhedron_volume_ratio": 0.9268753318820797, "min_polyhedron_volume_ratio": 3.0745546944537355e-08, "max_polyhedron_volume_ratio": 1.0000046121230735, "avg_polyhedron_area_ratio": 0.987445647750563, "min_polyhedron_area_ratio": 0.49921686191262554, "max_polyhedron_area_ratio": 1.174931657538085, "dt": 0.560399055480957, "filename": "Files/polylla_random1000tra", "clean_name": "994randomtra"}