{"number": 1000, "n_points": 994, "n_faces": 10433, "n_tetras": 4984, "n_edges": 6442, "distribution": "random", "union_method": "a", "n_polyhedrons": 1460, "n_barrier_faces": 961, "polyhedra_with_barriers": 366, "n_tetra_left": 365, "n_tetra_left_rate": 25.0, "polyhedra_with_barriers_rate": 25.068493150684933, "convex_rate": 90.95890410958904, "polyhedra_with_kernel": 97.94520547945206, "avg_edge_ratio": 0.08861525654232096, "min_edge_ratio": 2.2476271138203415e-05, "max_edge_ratio": 0.500406121626004, "median_edge_ratio": 0.06461846065730356, "variance_edge_ratio": 0.006926078397515434, "avg_original_edge_ratio": 0.19756781573468657, "min_original_edge_ratio": 2.6375427105042896e-05, "max_original_edge_ratio": 0.8973322627589113, "avg_tetra_per_polyhedron": 3.3876712328767122, "min_tetra_per_polyhedron": 1, "max_tetra_per_polyhedron": 20, "median_tetra_per_polyhedron": 3.0, "variance_tetra_per_polyhedron": 6.758449679363798, "polyhedra_final_rate": 29.29373996789727, "avg_face_per_polyhedron": 8.775342465753425, "min_face_per_polyhedron": 4, "max_face_per_polyhedron": 42, "median_face_per_polyhedron": 8.0, "variance_face_per_polyhedron": 27.03379871745519, "avg_polyhedron_volume_ratio": 0.95040326543174, "min_polyhedron_volume_ratio": 3.137182033709479e-05, "max_polyhedron_volume_ratio": 1.0000036323960697, "median_polyhedron_volume_ration": 1.0, "variance_polyhedron_volume_ration": 0.038428160131679795, "avg_polyhedron_area_ratio": 1.0042277726285567, "min_polyhedron_area_ratio": 0.9378253485361777, "max_polyhedron_area_ratio": 1.181481331197652, "median_polyhedron_area_ratio": 1.0, "variance_polyhedron_area_ratio": 0.00039937844107598095, "dt": 0.5669839382171631, "filename": "Files/polylla_random1000a", "clean_name": "994randoma"}