{"number": 1000, "n_points": 996, "n_faces": 9586, "n_tetras": 4553, "n_edges": 6028, "distribution": "semiuniform", "union_method": "tra", "n_polyhedrons": 1489, "n_barrier_faces": 242, "polyhedra_with_barriers": 186, "n_tetra_left": 289, "n_tetra_left_rate": 19.408999328408328, "polyhedra_with_barriers_rate": 12.49160510409671, "convex_rate": 86.70248488918737, "polyhedra_with_kernel": 96.77635997313632, "avg_edge_ratio": 0.3718717942137024, "min_edge_ratio": 0.10136921612522042, "max_edge_ratio": 0.7948996071657983, "avg_original_edge_ratio": 0.45149243358447544, "min_original_edge_ratio": 0.10136921612522042, "max_original_edge_ratio": 0.8846876832575948, "avg_tetra_per_polyhedron": 3.0577568838146405, "min_tetra_per_polyhedron": 1, "max_tetra_per_polyhedron": 15, "polyhedra_final_rate": 32.70371183834834, "avg_face_per_polyhedron": 8.115513767629281, "min_face_per_polyhedron": 4, "max_face_per_polyhedron": 32, "avg_polyhedron_volume_ratio": 0.909856692008863, "min_polyhedron_volume_ratio": 2.2431936164143198e-10, "max_polyhedron_volume_ratio": 1, "avg_polyhedron_area_ratio": 0.9760166728549489, "min_polyhedron_area_ratio": 0.7994697892655804, "max_polyhedron_area_ratio": 1.235760282250559, "dt": 0.7175586223602295, "filename": "Files/polylla_semiuniform1000tra", "clean_name": "996semiuniformtra"}