{"number": 1000, "distribution": "semiuniform", "union_method": "are2", "dt": 0.4239387512207031, "n_points": 996, "n_faces": 9586, "n_tetras": 4553, "n_edges": 6028, "n_polyhedrons": 1466, "n_barrier_faces": 315, "polyhedra_with_barriers": 238, "n_tetra_left": 254, "convex_rate": 93.65620736698499, "polyhedra_with_kernel": 98.43110504774899, "avg_edge_ratio": 0.33022831588861257, "min_edge_ratio": 0.08006956887388689, "max_edge_ratio": 0.6874688794615804, "avg_tetra_per_polyhedron": 3.1057298772169166, "min_tetra_per_polyhedron": 1, "max_tetra_per_polyhedron": 13, "avg_face_per_polyhedron": 8.211459754433834, "min_face_per_polyhedron": 4, "max_face_per_polyhedron": 28, "avg_polyhedron_volume_ratio": 0.9621692128176221, "min_polyhedron_volume_ratio": 0.0002858381470358778, "max_polyhedron_volume_ratio": 1, "avg_polyhedron_area_ratio": 0.9941208086668399, "min_polyhedron_area_ratio": 0.8498916534878531, "max_polyhedron_area_ratio": 1.195502866101388, "filename": "Files/polylla_semiuniform1000are2", "clean_name": "996semiuniformare2"}