{"number": 1000, "n_points": 996, "n_faces": 9586, "n_tetras": 4553, "n_edges": 6028, "distribution": "semiuniform", "union_method": "are2", "n_polyhedrons": 1487, "n_barrier_faces": 246, "polyhedra_with_barriers": 184, "n_tetra_left": 287, "n_tetra_left_rate": 19.30060524546066, "polyhedra_with_barriers_rate": 12.373907195696033, "convex_rate": 86.28110289172831, "polyhedra_with_kernel": 96.43577673167452, "avg_edge_ratio": 0.37192123055554127, "min_edge_ratio": 0.10136921612522042, "max_edge_ratio": 0.7948996071657983, "avg_original_edge_ratio": 0.45149243358447544, "min_original_edge_ratio": 0.10136921612522042, "max_original_edge_ratio": 0.8846876832575948, "avg_tetra_per_polyhedron": 3.06186953597848, "min_tetra_per_polyhedron": 1, "max_tetra_per_polyhedron": 15, "polyhedra_final_rate": 32.65978475730288, "avg_face_per_polyhedron": 8.12373907195696, "min_face_per_polyhedron": 4, "max_face_per_polyhedron": 32, "avg_polyhedron_volume_ratio": 0.909115202776238, "min_polyhedron_volume_ratio": 2.2431936164143198e-10, "max_polyhedron_volume_ratio": 1, "avg_polyhedron_area_ratio": 0.9758667803336091, "min_polyhedron_area_ratio": 0.7994697892655804, "max_polyhedron_area_ratio": 1.235760282250559, "dt": 0.528742790222168, "filename": "Files/polylla_semiuniform1000are2", "clean_name": "996semiuniformare2"}