{"number": 1000, "n_points": 996, "n_faces": 9586, "n_tetras": 4553, "n_edges": 6028, "distribution": "semiuniform", "union_method": "are1", "n_polyhedrons": 1540, "n_barrier_faces": 658, "polyhedra_with_barriers": 370, "n_tetra_left": 365, "n_tetra_left_rate": 23.7012987012987, "polyhedra_with_barriers_rate": 24.025974025974026, "convex_rate": 97.33766233766234, "polyhedra_with_kernel": 99.67532467532467, "avg_edge_ratio": 0.3457612922709343, "min_edge_ratio": 0.08006956887388689, "max_edge_ratio": 0.8086132437634774, "median_edge_ratio": 0.34257630604866307, "variance_edge_ratio": 0.008496901618232487, "avg_original_edge_ratio": 0.45149243358447544, "min_original_edge_ratio": 0.10136921612522042, "max_original_edge_ratio": 0.8846876832575948, "avg_tetra_per_polyhedron": 2.953896103896104, "min_tetra_per_polyhedron": 1, "max_tetra_per_polyhedron": 18, "median_tetra_per_polyhedron": 3.0, "variance_tetra_per_polyhedron": 3.52418883910112, "polyhedra_final_rate": 33.823852405007685, "avg_face_per_polyhedron": 7.907792207792208, "min_face_per_polyhedron": 4, "max_face_per_polyhedron": 38, "median_face_per_polyhedron": 8.0, "variance_face_per_polyhedron": 14.09675535640448, "avg_polyhedron_volume_ratio": 0.9791336504732323, "min_polyhedron_volume_ratio": 4.241242413641934e-10, "max_polyhedron_volume_ratio": 1, "median_polyhedron_volume_ration": 1, "variance_polyhedron_volume_ration": 0.018430413526924667, "avg_polyhedron_area_ratio": 0.9995482051098158, "min_polyhedron_area_ratio": 0.8811330046885987, "max_polyhedron_area_ratio": 1.168820861377663, "median_polyhedron_area_ratio": 1.0, "variance_polyhedron_area_ratio": 0.00018153471389541713, "dt": 0.5890028476715088, "filename": "Files/polylla_semiuniform1000are1", "clean_name": "996semiuniformare1"}