{"number": 1000, "n_points": 996, "n_faces": 9586, "n_tetras": 4553, "n_edges": 6028, "distribution": "semiuniform", "union_method": "tra", "n_polyhedrons": 1601, "n_barrier_faces": 187, "polyhedra_with_barriers": 160, "n_tetra_left": 275, "n_tetra_left_rate": 17.17676452217364, "polyhedra_with_barriers_rate": 9.993753903810118, "convex_rate": 94.00374765771393, "polyhedra_with_kernel": 99.000624609619, "avg_edge_ratio": 0.332339675712758, "min_edge_ratio": 0.08006956887388689, "max_edge_ratio": 0.6874688794615804, "avg_original_edge_ratio": 0.45149243358447544, "min_original_edge_ratio": 0.10136921612522042, "max_original_edge_ratio": 0.8846876832575948, "avg_tetra_per_polyhedron": 2.8438475952529667, "min_tetra_per_polyhedron": 1, "max_tetra_per_polyhedron": 12, "polyhedra_final_rate": 35.16362837689436, "avg_face_per_polyhedron": 7.687695190505933, "min_face_per_polyhedron": 4, "max_face_per_polyhedron": 26, "avg_polyhedron_volume_ratio": 0.9611195966575239, "min_polyhedron_volume_ratio": 5.796602256482865e-06, "max_polyhedron_volume_ratio": 1, "avg_polyhedron_area_ratio": 0.9902990744886635, "min_polyhedron_area_ratio": 0.8516700184200027, "max_polyhedron_area_ratio": 1.1306436051954825, "dt": 0.5358543395996094, "filename": "Files/polylla_semiuniform1000tra", "clean_name": "996semiuniformtra"}