{"number": 1000, "n_points": 996, "n_faces": 9586, "n_tetras": 4553, "n_edges": 6028, "distribution": "semiuniform", "union_method": "a", "n_polyhedrons": 1533, "n_barrier_faces": 641, "polyhedra_with_barriers": 372, "n_tetra_left": 360, "n_tetra_left_rate": 23.483365949119374, "polyhedra_with_barriers_rate": 24.26614481409002, "convex_rate": 97.26027397260275, "polyhedra_with_kernel": 99.60861056751467, "avg_edge_ratio": 0.34507800014946555, "min_edge_ratio": 0.08006956887388689, "max_edge_ratio": 0.8086132437634774, "avg_original_edge_ratio": 0.45149243358447544, "min_original_edge_ratio": 0.10136921612522042, "max_original_edge_ratio": 0.8846876832575948, "avg_tetra_per_polyhedron": 2.9673842139595563, "min_tetra_per_polyhedron": 1, "max_tetra_per_polyhedron": 17, "polyhedra_final_rate": 33.67010762134856, "avg_face_per_polyhedron": 7.934768427919113, "min_face_per_polyhedron": 4, "max_face_per_polyhedron": 36, "avg_polyhedron_volume_ratio": 0.9793659478481284, "min_polyhedron_volume_ratio": 4.241242413641934e-10, "max_polyhedron_volume_ratio": 1, "avg_polyhedron_area_ratio": 0.9995451279315617, "min_polyhedron_area_ratio": 0.8811330046885987, "max_polyhedron_area_ratio": 1.168820861377663, "dt": 0.4070289134979248, "filename": "Files/polylla_semiuniform1000a", "clean_name": "996semiuniforma"}