{"number": 1000, "distribution": "semiuniform", "union_method": "r", "dt": 0.1640000343322754, "n_points": 996, "n_faces": 9586, "n_tetras": 4553, "n_edges": 6028, "n_polyhedrons": 1467, "n_barrier_faces": 372, "polyhedra_with_barriers": 271, "n_tetra_left": 270, "convex_rate": 94.88752556237219, "polyhedra_with_kernel": 98.7048398091343, "avg_edge_ratio": 0.33263131982049743, "min_edge_ratio": 0.08006956887388689, "max_edge_ratio": 0.6874688794615804, "avg_tetra_per_polyhedron": 3.1022494887525562, "min_tetra_per_polyhedron": 1, "max_tetra_per_polyhedron": 13, "avg_face_per_polyhedron": 8.204498977505112, "min_face_per_polyhedron": 4, "max_face_per_polyhedron": 28, "avg_polyhedron_volume_ratio": 0.9692195323971792, "min_polyhedron_volume_ratio": 1.248572911882705e-06, "max_polyhedron_volume_ratio": 1, "avg_polyhedron_area_ratio": 0.9957804513142252, "min_polyhedron_area_ratio": 0.8563171888860455, "max_polyhedron_area_ratio": 1.195502866101388, "filename": "Files/polylla_semiuniform1000r", "clean_name": "996semiuniformr"}