{"number": 1000, "n_points": 996, "n_faces": 9586, "n_tetras": 4553, "n_edges": 6028, "distribution": "semiuniform", "union_method": "are1", "n_polyhedrons": 1489, "n_barrier_faces": 273, "polyhedra_with_barriers": 194, "n_tetra_left": 290, "n_tetra_left_rate": 19.476158495634653, "polyhedra_with_barriers_rate": 13.02887844190732, "convex_rate": 87.37407656145064, "polyhedra_with_kernel": 96.4405641370047, "avg_edge_ratio": 0.3684973199030145, "min_edge_ratio": 0.10136921612522042, "max_edge_ratio": 0.7948996071657983, "avg_original_edge_ratio": 0.45149243358447544, "min_original_edge_ratio": 0.10136921612522042, "max_original_edge_ratio": 0.8846876832575948, "avg_tetra_per_polyhedron": 3.0490261920752184, "min_tetra_per_polyhedron": 1, "max_tetra_per_polyhedron": 19, "polyhedra_final_rate": 32.70371183834834, "avg_face_per_polyhedron": 8.098052384150437, "min_face_per_polyhedron": 4, "max_face_per_polyhedron": 40, "avg_polyhedron_volume_ratio": 0.9199274444267682, "min_polyhedron_volume_ratio": 8.779563357416657e-06, "max_polyhedron_volume_ratio": 1, "avg_polyhedron_area_ratio": 0.9761641651810679, "min_polyhedron_area_ratio": 0.7901139103861912, "max_polyhedron_area_ratio": 1.2382192522634332, "dt": 0.4369957447052002, "filename": "Files/polylla_semiuniform1000are1", "clean_name": "996semiuniformare1"}