{"number": 1000, "n_points": 996, "n_faces": 9586, "n_tetras": 4553, "n_edges": 6028, "distribution": "semiuniform", "union_method": "are2", "n_polyhedrons": 1466, "n_barrier_faces": 315, "polyhedra_with_barriers": 238, "n_tetra_left": 254, "n_tetra_left_rate": 17.32605729877217, "polyhedra_with_barriers_rate": 16.234652114597544, "convex_rate": 93.65620736698499, "polyhedra_with_kernel": 98.43110504774899, "avg_edge_ratio": 0.33022831588861257, "min_edge_ratio": 0.08006956887388689, "max_edge_ratio": 0.6874688794615804, "median_edge_ratio": 0.3293176407680565, "variance_edge_ratio": 0.0076413832330170925, "avg_original_edge_ratio": 0.45149243358447544, "min_original_edge_ratio": 0.10136921612522042, "max_original_edge_ratio": 0.8846876832575948, "avg_tetra_per_polyhedron": 3.1057298772169166, "min_tetra_per_polyhedron": 1, "max_tetra_per_polyhedron": 13, "median_tetra_per_polyhedron": 3.0, "variance_tetra_per_polyhedron": 3.480281139270565, "polyhedra_final_rate": 32.1985504063255, "avg_face_per_polyhedron": 8.211459754433834, "min_face_per_polyhedron": 4, "max_face_per_polyhedron": 28, "median_face_per_polyhedron": 8.0, "variance_face_per_polyhedron": 13.92112455708226, "avg_polyhedron_volume_ratio": 0.9621692128176221, "min_polyhedron_volume_ratio": 0.0002858381470358778, "max_polyhedron_volume_ratio": 1, "median_polyhedron_volume_ration": 1, "variance_polyhedron_volume_ration": 0.03126654575338001, "avg_polyhedron_area_ratio": 0.9941208086668399, "min_polyhedron_area_ratio": 0.8498916534878531, "max_polyhedron_area_ratio": 1.195502866101388, "median_polyhedron_area_ratio": 0.9999999999999998, "variance_polyhedron_area_ratio": 0.00047657774962037126, "dt": 0.5388288497924805, "filename": "Files/polylla_semiuniform1000are2", "clean_name": "996semiuniformare2"}