{"number": 1000, "n_points": 996, "n_faces": 9586, "n_tetras": 4553, "n_edges": 6028, "distribution": "semiuniform", "union_method": "are2", "n_polyhedrons": 1649, "n_barrier_faces": 268, "polyhedra_with_barriers": 235, "n_tetra_left": 283, "n_tetra_left_rate": 17.16191631291692, "polyhedra_with_barriers_rate": 14.251061249241964, "convex_rate": 94.66343238326257, "polyhedra_with_kernel": 99.2116434202547, "avg_edge_ratio": 0.3881763669566643, "min_edge_ratio": 0.08006956887388689, "max_edge_ratio": 0.7948996071657983, "avg_original_edge_ratio": 0.45149243358447544, "min_original_edge_ratio": 0.10136921612522042, "max_original_edge_ratio": 0.8846876832575948, "avg_tetra_per_polyhedron": 2.7610673135233474, "min_tetra_per_polyhedron": 1, "max_tetra_per_polyhedron": 9, "polyhedra_final_rate": 36.2178783219855, "avg_face_per_polyhedron": 7.522134627046695, "min_face_per_polyhedron": 4, "max_face_per_polyhedron": 20, "avg_polyhedron_volume_ratio": 0.9648452115720653, "min_polyhedron_volume_ratio": 1.8507258812487904e-05, "max_polyhedron_volume_ratio": 1, "avg_polyhedron_area_ratio": 0.9943446664384937, "min_polyhedron_area_ratio": 0.8486063997915361, "max_polyhedron_area_ratio": 1.1649354384484205, "dt": 0.4373354911804199, "filename": "Files/polylla_semiuniform1000are2", "clean_name": "996semiuniformare2"}