{"number": 10000, "n_points": 9985, "n_faces": 118254, "n_tetras": 57806, "n_edges": 70432, "distribution": "random", "union_method": "a", "n_polyhedrons": 16971, "n_barrier_faces": 10899, "polyhedra_with_barriers": 4264, "n_tetra_left": 4100, "n_tetra_left_rate": 24.15885923045195, "polyhedra_with_barriers_rate": 25.125213599670026, "convex_rate": 92.64038654174769, "polyhedra_with_kernel": 97.75499381297507, "avg_edge_ratio": 0.0968715704364005, "min_edge_ratio": 2.9417270550362966e-07, "max_edge_ratio": 0.6076395948365849, "avg_original_edge_ratio": 0.20941916060052243, "min_original_edge_ratio": 5.435186125181116e-07, "max_original_edge_ratio": 0.8626411709726953, "avg_tetra_per_polyhedron": 3.400565670850274, "min_tetra_per_polyhedron": 1, "max_tetra_per_polyhedron": 23, "polyhedra_final_rate": 29.358544095768607, "avg_face_per_polyhedron": 8.801131341700549, "min_face_per_polyhedron": 4, "max_face_per_polyhedron": 48, "avg_polyhedron_volume_ratio": 0.961013282160894, "min_polyhedron_volume_ratio": 1.4784713044308961e-08, "max_polyhedron_volume_ratio": 1.0000155867938698, "avg_polyhedron_area_ratio": 1.0041559082220624, "min_polyhedron_area_ratio": 0.9197403476822681, "max_polyhedron_area_ratio": 1.3124741294753495, "dt": 5.814319372177124, "filename": "Files/polylla_random10000a", "clean_name": "9985randoma"}