{"number": 10000, "n_points": 9985, "n_faces": 118254, "n_tetras": 57806, "n_edges": 70432, "distribution": "random", "union_method": "are2", "n_polyhedrons": 17017, "n_barrier_faces": 4918, "polyhedra_with_barriers": 3463, "n_tetra_left": 2925, "n_tetra_left_rate": 17.188693659281896, "polyhedra_with_barriers_rate": 20.350237997296823, "convex_rate": 87.64764647117589, "polyhedra_with_kernel": 96.43885526238466, "avg_edge_ratio": 0.09606074116905783, "min_edge_ratio": 3.260439847572092e-07, "max_edge_ratio": 0.5232354237523732, "avg_original_edge_ratio": 0.20941916060052243, "min_original_edge_ratio": 5.435186125181116e-07, "max_original_edge_ratio": 0.8626411709726953, "avg_tetra_per_polyhedron": 3.3920785097255686, "min_tetra_per_polyhedron": 1, "max_tetra_per_polyhedron": 21, "polyhedra_final_rate": 29.43812061031727, "avg_face_per_polyhedron": 8.784157019451136, "min_face_per_polyhedron": 4, "max_face_per_polyhedron": 44, "avg_polyhedron_volume_ratio": 0.9285096878214263, "min_polyhedron_volume_ratio": 2.7228703273810664e-10, "max_polyhedron_volume_ratio": 1.0000260721596923, "avg_polyhedron_area_ratio": 0.9917933347097561, "min_polyhedron_area_ratio": 0.43996648458007226, "max_polyhedron_area_ratio": 1.3840343505544337, "dt": 6.655684947967529, "filename": "Files/polylla_random10000are2", "clean_name": "9985randomare2"}