{"number": 10000, "n_points": 9985, "n_faces": 118254, "n_tetras": 57806, "n_edges": 70432, "distribution": "random", "union_method": "r", "n_polyhedrons": 16638, "n_barrier_faces": 5400, "polyhedra_with_barriers": 3560, "n_tetra_left": 2999, "n_tetra_left_rate": 18.02500300516889, "polyhedra_with_barriers_rate": 21.396802500300517, "convex_rate": 87.37829065993509, "polyhedra_with_kernel": 96.20747686019955, "avg_edge_ratio": 0.09562927254412079, "min_edge_ratio": 3.260439847572092e-07, "max_edge_ratio": 0.6076395948365849, "avg_original_edge_ratio": 0.20941916060052243, "min_original_edge_ratio": 5.435186125181116e-07, "max_original_edge_ratio": 0.8626411709726953, "avg_tetra_per_polyhedron": 3.4655006611371557, "min_tetra_per_polyhedron": 1, "max_tetra_per_polyhedron": 21, "polyhedra_final_rate": 28.782479327405458, "avg_face_per_polyhedron": 8.931001322274312, "min_face_per_polyhedron": 4, "max_face_per_polyhedron": 44, "avg_polyhedron_volume_ratio": 0.9273737948630969, "min_polyhedron_volume_ratio": 1.5831860748352122e-09, "max_polyhedron_volume_ratio": 1.0000260721596923, "avg_polyhedron_area_ratio": 0.9934640205822943, "min_polyhedron_area_ratio": 0.43996648458007226, "max_polyhedron_area_ratio": 1.3840343505544337, "dt": 4.000385522842407, "filename": "Files/polylla_random10000r", "clean_name": "9985randomr"}