{"number": 10000, "distribution": "random", "union_method": "are1", "dt": 4.713909387588501, "n_points": 9985, "n_faces": 118254, "n_tetras": 57806, "n_edges": 70432, "n_polyhedrons": 17063, "n_barrier_faces": 11529, "polyhedra_with_barriers": 4292, "n_tetra_left": 4272, "convex_rate": 0.9275039559280314, "polyhedra_with_kernel": 97.74951649768505, "avg_edge_ratio": 0.09742681425985372, "min_edge_ratio": 2.9417270550362966e-07, "max_edge_ratio": 0.6076395948365849, "avg_tetra_per_polyhedron": 3.3810584305221827, "min_tetra_per_polyhedron": 1, "max_tetra_per_polyhedron": 23, "avg_face_per_polyhedron": 8.762116861044365, "min_face_per_polyhedron": 4, "max_face_per_polyhedron": 48, "avg_polyhedron_volume_ratio": 0.9616657738820159, "min_polyhedron_volume_ratio": 6.5777436646306855e-12, "max_polyhedron_volume_ratio": 1.0000155867938698, "avg_polyhedron_area_ratio": 1.0043195439934978, "min_polyhedron_area_ratio": 0.9197403476822681, "max_polyhedron_area_ratio": 1.3124741294753495, "filename": "Files/polylla_random10000are1", "clean_name": "9985randomare1"}