{"number": 10000, "n_points": 9985, "n_faces": 118254, "n_tetras": 57806, "n_edges": 70432, "distribution": "random", "union_method": "tra", "n_polyhedrons": 18412, "n_barrier_faces": 3566, "polyhedra_with_barriers": 2828, "n_tetra_left": 2654, "n_tetra_left_rate": 14.414512274603519, "polyhedra_with_barriers_rate": 15.35954812079079, "convex_rate": 89.653486856398, "polyhedra_with_kernel": 98.10449706713014, "avg_edge_ratio": 0.09166000479687379, "min_edge_ratio": 4.1206377666717946e-07, "max_edge_ratio": 0.5841398793836732, "avg_original_edge_ratio": 0.20941916060052243, "min_original_edge_ratio": 5.435186125181116e-07, "max_original_edge_ratio": 0.8626411709726953, "avg_tetra_per_polyhedron": 3.1391483814903323, "min_tetra_per_polyhedron": 1, "max_tetra_per_polyhedron": 16, "polyhedra_final_rate": 31.851364910216933, "avg_face_per_polyhedron": 8.278296762980665, "min_face_per_polyhedron": 4, "max_face_per_polyhedron": 34, "avg_polyhedron_volume_ratio": 0.9359134691747618, "min_polyhedron_volume_ratio": 4.120305562812976e-12, "max_polyhedron_volume_ratio": 1.0000155867938698, "avg_polyhedron_area_ratio": 0.9859306697593695, "min_polyhedron_area_ratio": 0.4393506784011738, "max_polyhedron_area_ratio": 1.3795718613630872, "dt": 8.121560096740723, "filename": "Files/polylla_random10000tra", "clean_name": "9985randomtra"}